ok     tiny-chunks            fast     0.2s 341 elements 663 cycles | cbuf_credit_stall 0 csf_full_stall 484 csf_max 4 parser_no_credit 0
ok     tiny-chunks            slow     0.2s 341 elements 1332 cycles | cbuf_credit_stall 488 csf_full_stall 486 csf_max 4 parser_no_credit 662
ok     tiny-chunks            mix      0.2s 341 elements 664 cycles | cbuf_credit_stall 0 csf_full_stall 484 csf_max 4 parser_no_credit 0
ok     tiny-chunks            tight    0.3s 341 elements 4323 cycles | cbuf_credit_stall 1726 csf_full_stall 1757 csf_max 4 parser_no_credit 3385
ok     line-straddle-17       fast     0.2s 454 elements 907 cycles | cbuf_credit_stall 0 csf_full_stall 664 csf_max 4 parser_no_credit 0
ok     line-straddle-17       slow     0.3s 454 elements 1874 cycles | cbuf_credit_stall 895 csf_full_stall 470 csf_max 4 parser_no_credit 935
ok     line-straddle-17       mix      0.2s 454 elements 910 cycles | cbuf_credit_stall 0 csf_full_stall 664 csf_max 4 parser_no_credit 0
ok     line-straddle-17       tight    0.4s 454 elements 5791 cycles | cbuf_credit_stall 3247 csf_full_stall 1643 csf_max 4 parser_no_credit 4561
ok     line-straddle-33       fast     0.2s 267 elements 503 cycles | cbuf_credit_stall 0 csf_full_stall 257 csf_max 4 parser_no_credit 0
ok     line-straddle-33       slow     0.3s 267 elements 1420 cycles | cbuf_credit_stall 983 csf_full_stall 24 csf_max 4 parser_no_credit 0
ok     line-straddle-33       mix      0.2s 267 elements 650 cycles | cbuf_credit_stall 233 csf_full_stall 117 csf_max 4 parser_no_credit 0
ok     line-straddle-33       tight    0.3s 267 elements 4592 cycles | cbuf_credit_stall 3823 csf_full_stall 27 csf_max 4 parser_no_credit 0
ok     line-straddle-65       fast     0.2s 199 elements 321 cycles | cbuf_credit_stall 0 csf_full_stall 155 csf_max 4 parser_no_credit 0
ok     line-straddle-65       slow     0.2s 199 elements 1069 cycles | cbuf_credit_stall 592 csf_full_stall 139 csf_max 4 parser_no_credit 95
ok     line-straddle-65       mix      0.2s 199 elements 469 cycles | cbuf_credit_stall 144 csf_full_stall 106 csf_max 4 parser_no_credit 0
ok     line-straddle-65       tight    0.3s 199 elements 3467 cycles | cbuf_credit_stall 2148 csf_full_stall 486 csf_max 4 parser_no_credit 597
ok     sub-line               fast     0.4s 1100 elements 2190 cycles | cbuf_credit_stall 0 csf_full_stall 1629 csf_max 4 parser_no_credit 0
ok     sub-line               slow     0.4s 1100 elements 4574 cycles | cbuf_credit_stall 2869 csf_full_stall 908 csf_max 4 parser_no_credit 2798
ok     sub-line               mix      0.4s 1100 elements 2192 cycles | cbuf_credit_stall 0 csf_full_stall 1629 csf_max 4 parser_no_credit 0
ok     sub-line               tight    0.7s 1100 elements 14729 cycles | cbuf_credit_stall 9620 csf_full_stall 3656 csf_max 4 parser_no_credit 12665
ok     medium                 fast     0.2s 64 elements 95 cycles | cbuf_credit_stall 16 csf_full_stall 0 csf_max 3 parser_no_credit 0
ok     medium                 slow     0.2s 64 elements 404 cycles | cbuf_credit_stall 122 csf_full_stall 0 csf_max 3 parser_no_credit 0
ok     medium                 mix      0.2s 64 elements 157 cycles | cbuf_credit_stall 35 csf_full_stall 0 csf_max 3 parser_no_credit 0
ok     medium                 tight    0.2s 64 elements 1305 cycles | cbuf_credit_stall 459 csf_full_stall 0 csf_max 3 parser_no_credit 73
ok     single-chunk           fast     0.2s 59 elements 84 cycles | cbuf_credit_stall 11 csf_full_stall 0 csf_max 1 parser_no_credit 0
ok     single-chunk           slow     0.2s 59 elements 340 cycles | cbuf_credit_stall 83 csf_full_stall 0 csf_max 1 parser_no_credit 0
ok     single-chunk           mix      0.2s 59 elements 136 cycles | cbuf_credit_stall 26 csf_full_stall 0 csf_max 1 parser_no_credit 0
ok     single-chunk           tight    0.2s 59 elements 1092 cycles | cbuf_credit_stall 270 csf_full_stall 0 csf_max 1 parser_no_credit 10
ok     long-chunk             fast     0.6s 3028 elements 3102 cycles | cbuf_credit_stall 2454 csf_full_stall 0 csf_max 1 parser_no_credit 0
ok     long-chunk             slow     0.8s 3028 elements 12700 cycles | cbuf_credit_stall 11119 csf_full_stall 0 csf_max 1 parser_no_credit 9059
ok     long-chunk             mix      0.6s 3028 elements 4409 cycles | cbuf_credit_stall 3640 csf_full_stall 0 csf_max 1 parser_no_credit 1085
ok     long-chunk             tight    1.5s 3028 elements 42437 cycles | cbuf_credit_stall 37865 csf_full_stall 0 csf_max 1 parser_no_credit 36877
ok     fuzz/f000              fast     1.8s 420 elements 6397 cycles | cbuf_credit_stall 1384 csf_full_stall 9 csf_max 4 parser_no_credit 0
ok     fuzz/f000              slow     2.2s 420 elements 21192 cycles | cbuf_credit_stall 16080 csf_full_stall 1 csf_max 4 parser_no_credit 0
ok     fuzz/f000              mix      1.8s 420 elements 10910 cycles | cbuf_credit_stall 5877 csf_full_stall 9 csf_max 4 parser_no_credit 0
ok     fuzz/f000              tight    3.3s 420 elements 70051 cycles | cbuf_credit_stall 64656 csf_full_stall 9 csf_max 4 parser_no_credit 67
ok     fuzz/f001              fast     0.5s 430 elements 1521 cycles | cbuf_credit_stall 415 csf_full_stall 0 csf_max 2 parser_no_credit 0
ok     fuzz/f001              slow     0.6s 430 elements 5515 cycles | cbuf_credit_stall 4329 csf_full_stall 0 csf_max 2 parser_no_credit 92
ok     fuzz/f001              mix      0.6s 430 elements 2711 cycles | cbuf_credit_stall 1575 csf_full_stall 0 csf_max 2 parser_no_credit 13
ok     fuzz/f001              tight    1.0s 430 elements 18166 cycles | cbuf_credit_stall 16601 csf_full_stall 0 csf_max 2 parser_no_credit 494
ok     fuzz/f002              fast     0.2s 1 elements 7 cycles | cbuf_credit_stall 0 csf_full_stall 0 csf_max 1 parser_no_credit 0
ok     fuzz/f002              slow     0.2s 1 elements 10 cycles | cbuf_credit_stall 0 csf_full_stall 0 csf_max 1 parser_no_credit 0
ok     fuzz/f002              mix      0.2s 1 elements 8 cycles | cbuf_credit_stall 0 csf_full_stall 0 csf_max 1 parser_no_credit 0
ok     fuzz/f002              tight    0.2s 1 elements 27 cycles | cbuf_credit_stall 0 csf_full_stall 0 csf_max 1 parser_no_credit 0
ok     fuzz/f003              fast     0.3s 120 elements 541 cycles | cbuf_credit_stall 130 csf_full_stall 0 csf_max 2 parser_no_credit 0
ok     fuzz/f003              slow     0.3s 120 elements 1944 cycles | cbuf_credit_stall 1350 csf_full_stall 0 csf_max 2 parser_no_credit 0
ok     fuzz/f003              mix      0.3s 120 elements 974 cycles | cbuf_credit_stall 530 csf_full_stall 0 csf_max 2 parser_no_credit 0
ok     fuzz/f003              tight    0.4s 120 elements 6054 cycles | cbuf_credit_stall 5198 csf_full_stall 0 csf_max 2 parser_no_credit 0
ok     fuzz/f004              fast     0.2s 15 elements 30 cycles | cbuf_credit_stall 0 csf_full_stall 1 csf_max 4 parser_no_credit 0
ok     fuzz/f004              slow     0.2s 15 elements 84 cycles | cbuf_credit_stall 0 csf_full_stall 0 csf_max 4 parser_no_credit 0
ok     fuzz/f004              mix      0.2s 15 elements 38 cycles | cbuf_credit_stall 0 csf_full_stall 1 csf_max 4 parser_no_credit 0
ok     fuzz/f004              tight    0.2s 15 elements 204 cycles | cbuf_credit_stall 0 csf_full_stall 1 csf_max 4 parser_no_credit 0
ok     fuzz/f005              fast     1.1s 819 elements 3717 cycles | cbuf_credit_stall 975 csf_full_stall 0 csf_max 2 parser_no_credit 0
ok     fuzz/f005              slow     1.4s 819 elements 13122 cycles | cbuf_credit_stall 10286 csf_full_stall 0 csf_max 2 parser_no_credit 39
ok     fuzz/f005              mix      1.2s 819 elements 6504 cycles | cbuf_credit_stall 3744 csf_full_stall 0 csf_max 2 parser_no_credit 0
ok     fuzz/f005              tight    1.9s 819 elements 43817 cycles | cbuf_credit_stall 40774 csf_full_stall 0 csf_max 1 parser_no_credit 356
ok     fuzz/f006              fast     0.8s 683 elements 3170 cycles | cbuf_credit_stall 811 csf_full_stall 0 csf_max 2 parser_no_credit 0
ok     fuzz/f006              slow     1.0s 683 elements 11361 cycles | cbuf_credit_stall 8840 csf_full_stall 0 csf_max 2 parser_no_credit 53
ok     fuzz/f006              mix      0.9s 683 elements 5619 cycles | cbuf_credit_stall 3207 csf_full_stall 0 csf_max 2 parser_no_credit 0
ok     fuzz/f006              tight    1.6s 683 elements 37784 cycles | cbuf_credit_stall 34973 csf_full_stall 0 csf_max 1 parser_no_credit 111
ok     fuzz/f007              fast     0.6s 38 elements 3956 cycles | cbuf_credit_stall 773 csf_full_stall 0 csf_max 2 parser_no_credit 0
ok     fuzz/f007              slow     0.9s 38 elements 12925 cycles | cbuf_credit_stall 9526 csf_full_stall 0 csf_max 2 parser_no_credit 0
ok     fuzz/f007              mix      0.8s 38 elements 6711 cycles | cbuf_credit_stall 3487 csf_full_stall 0 csf_max 2 parser_no_credit 0
ok     fuzz/f007              tight    1.4s 38 elements 43163 cycles | cbuf_credit_stall 39290 csf_full_stall 0 csf_max 1 parser_no_credit 0
ok     fuzz/f008              fast     0.3s 236 elements 843 cycles | cbuf_credit_stall 208 csf_full_stall 0 csf_max 2 parser_no_credit 0
ok     fuzz/f008              slow     0.3s 236 elements 3209 cycles | cbuf_credit_stall 2426 csf_full_stall 0 csf_max 1 parser_no_credit 0
ok     fuzz/f008              mix      0.3s 236 elements 1592 cycles | cbuf_credit_stall 885 csf_full_stall 0 csf_max 1 parser_no_credit 0
ok     fuzz/f008              tight    0.5s 236 elements 9978 cycles | cbuf_credit_stall 8825 csf_full_stall 0 csf_max 1 parser_no_credit 0
ok     fuzz/f009              fast     0.5s 316 elements 1993 cycles | cbuf_credit_stall 432 csf_full_stall 0 csf_max 2 parser_no_credit 0
ok     fuzz/f009              slow     0.7s 316 elements 7308 cycles | cbuf_credit_stall 5499 csf_full_stall 0 csf_max 1 parser_no_credit 26
ok     fuzz/f009              mix      0.6s 316 elements 3522 cycles | cbuf_credit_stall 1900 csf_full_stall 0 csf_max 2 parser_no_credit 0
ok     fuzz/f009              tight    1.1s 316 elements 23748 cycles | cbuf_credit_stall 21561 csf_full_stall 0 csf_max 1 parser_no_credit 44
ok     fuzz/f010              fast     0.9s 516 elements 3221 cycles | cbuf_credit_stall 772 csf_full_stall 0 csf_max 2 parser_no_credit 0
ok     fuzz/f010              slow     1.1s 516 elements 11375 cycles | cbuf_credit_stall 8815 csf_full_stall 0 csf_max 2 parser_no_credit 0
ok     fuzz/f010              mix      1.0s 516 elements 5709 cycles | cbuf_credit_stall 3228 csf_full_stall 0 csf_max 2 parser_no_credit 0
ok     fuzz/f010              tight    1.6s 516 elements 37837 cycles | cbuf_credit_stall 35144 csf_full_stall 0 csf_max 2 parser_no_credit 0
ok     fuzz/f011              fast     1.4s 1125 elements 5432 cycles | cbuf_credit_stall 1431 csf_full_stall 0 csf_max 2 parser_no_credit 0
ok     fuzz/f011              slow     1.6s 1125 elements 18967 cycles | cbuf_credit_stall 14798 csf_full_stall 0 csf_max 1 parser_no_credit 25
ok     fuzz/f011              mix      1.4s 1125 elements 9424 cycles | cbuf_credit_stall 5391 csf_full_stall 0 csf_max 2 parser_no_credit 0
ok     fuzz/f011              tight    2.7s 1125 elements 62781 cycles | cbuf_credit_stall 58243 csf_full_stall 0 csf_max 2 parser_no_credit 127
ok     fuzz/f012              fast     1.0s 808 elements 3719 cycles | cbuf_credit_stall 956 csf_full_stall 0 csf_max 2 parser_no_credit 0
ok     fuzz/f012              slow     1.3s 808 elements 13151 cycles | cbuf_credit_stall 10198 csf_full_stall 0 csf_max 2 parser_no_credit 83
ok     fuzz/f012              mix      1.1s 808 elements 6556 cycles | cbuf_credit_stall 3730 csf_full_stall 0 csf_max 2 parser_no_credit 0
ok     fuzz/f012              tight    2.0s 808 elements 43927 cycles | cbuf_credit_stall 40441 csf_full_stall 0 csf_max 1 parser_no_credit 237
ok     fuzz/f013              fast     0.5s 561 elements 1666 cycles | cbuf_credit_stall 468 csf_full_stall 0 csf_max 2 parser_no_credit 0
ok     fuzz/f013              slow     0.6s 561 elements 6272 cycles | cbuf_credit_stall 4847 csf_full_stall 0 csf_max 1 parser_no_credit 177
ok     fuzz/f013              mix      0.5s 561 elements 3007 cycles | cbuf_credit_stall 1764 csf_full_stall 0 csf_max 2 parser_no_credit 5
ok     fuzz/f013              tight    1.0s 561 elements 20586 cycles | cbuf_credit_stall 18799 csf_full_stall 0 csf_max 1 parser_no_credit 871
ok     fuzz/f014              fast     0.2s 20 elements 34 cycles | cbuf_credit_stall 0 csf_full_stall 3 csf_max 4 parser_no_credit 0
ok     fuzz/f014              slow     0.2s 20 elements 111 cycles | cbuf_credit_stall 0 csf_full_stall 1 csf_max 4 parser_no_credit 0
ok     fuzz/f014              mix      0.2s 20 elements 41 cycles | cbuf_credit_stall 0 csf_full_stall 3 csf_max 4 parser_no_credit 0
ok     fuzz/f014              tight    0.2s 20 elements 218 cycles | cbuf_credit_stall 0 csf_full_stall 3 csf_max 4 parser_no_credit 0
ok     fuzz/f015              fast     0.3s 81 elements 621 cycles | cbuf_credit_stall 120 csf_full_stall 0 csf_max 2 parser_no_credit 0
ok     fuzz/f015              slow     0.3s 81 elements 2217 cycles | cbuf_credit_stall 1611 csf_full_stall 0 csf_max 2 parser_no_credit 0
ok     fuzz/f015              mix      0.3s 81 elements 1166 cycles | cbuf_credit_stall 613 csf_full_stall 0 csf_max 2 parser_no_credit 0
ok     fuzz/f015              tight    0.5s 81 elements 6969 cycles | cbuf_credit_stall 6081 csf_full_stall 0 csf_max 2 parser_no_credit 0
ok     fuzz/f016              fast     0.4s 249 elements 1060 cycles | cbuf_credit_stall 254 csf_full_stall 0 csf_max 3 parser_no_credit 0
ok     fuzz/f016              slow     0.6s 249 elements 4026 cycles | cbuf_credit_stall 3063 csf_full_stall 0 csf_max 2 parser_no_credit 0
ok     fuzz/f016              mix      0.5s 249 elements 1935 cycles | cbuf_credit_stall 1112 csf_full_stall 0 csf_max 2 parser_no_credit 0
ok     fuzz/f016              tight    0.7s 249 elements 12466 cycles | cbuf_credit_stall 11074 csf_full_stall 0 csf_max 1 parser_no_credit 0
ok     fuzz/f017              fast     0.8s 831 elements 3235 cycles | cbuf_credit_stall 856 csf_full_stall 0 csf_max 2 parser_no_credit 0
ok     fuzz/f017              slow     1.0s 831 elements 11833 cycles | cbuf_credit_stall 9332 csf_full_stall 0 csf_max 2 parser_no_credit 24
ok     fuzz/f017              mix      0.9s 831 elements 5845 cycles | cbuf_credit_stall 3425 csf_full_stall 0 csf_max 2 parser_no_credit 0
ok     fuzz/f017              tight    1.7s 831 elements 39294 cycles | cbuf_credit_stall 36375 csf_full_stall 0 csf_max 2 parser_no_credit 225
ok     fuzz/f018              fast     0.2s 133 elements 426 cycles | cbuf_credit_stall 98 csf_full_stall 0 csf_max 2 parser_no_credit 0
ok     fuzz/f018              slow     0.2s 133 elements 1465 cycles | cbuf_credit_stall 938 csf_full_stall 0 csf_max 2 parser_no_credit 21
ok     fuzz/f018              mix      0.2s 133 elements 771 cycles | cbuf_credit_stall 367 csf_full_stall 0 csf_max 2 parser_no_credit 0
ok     fuzz/f018              tight    0.3s 133 elements 4774 cycles | cbuf_credit_stall 3822 csf_full_stall 0 csf_max 2 parser_no_credit 147
ok     fuzz/f019              fast     0.9s 743 elements 3311 cycles | cbuf_credit_stall 856 csf_full_stall 0 csf_max 2 parser_no_credit 0
ok     fuzz/f019              slow     1.1s 743 elements 11852 cycles | cbuf_credit_stall 9280 csf_full_stall 0 csf_max 2 parser_no_credit 45
ok     fuzz/f019              mix      0.9s 743 elements 5864 cycles | cbuf_credit_stall 3377 csf_full_stall 0 csf_max 2 parser_no_credit 0
ok     fuzz/f019              tight    1.7s 743 elements 39370 cycles | cbuf_credit_stall 36448 csf_full_stall 0 csf_max 2 parser_no_credit 273
ok     fuzz/f020              fast     1.0s 1021 elements 4044 cycles | cbuf_credit_stall 1077 csf_full_stall 0 csf_max 2 parser_no_credit 0
ok     fuzz/f020              slow     1.3s 1021 elements 14479 cycles | cbuf_credit_stall 11366 csf_full_stall 0 csf_max 2 parser_no_credit 219
ok     fuzz/f020              mix      1.1s 1021 elements 7169 cycles | cbuf_credit_stall 4151 csf_full_stall 0 csf_max 2 parser_no_credit 4
ok     fuzz/f020              tight    2.1s 1021 elements 48705 cycles | cbuf_credit_stall 45025 csf_full_stall 0 csf_max 2 parser_no_credit 758
ok     fuzz/f021              fast     0.7s 636 elements 2711 cycles | cbuf_credit_stall 686 csf_full_stall 0 csf_max 2 parser_no_credit 0
ok     fuzz/f021              slow     0.9s 636 elements 9874 cycles | cbuf_credit_stall 7763 csf_full_stall 0 csf_max 2 parser_no_credit 48
ok     fuzz/f021              mix      0.7s 636 elements 4798 cycles | cbuf_credit_stall 2745 csf_full_stall 0 csf_max 2 parser_no_credit 12
ok     fuzz/f021              tight    1.5s 636 elements 32724 cycles | cbuf_credit_stall 30437 csf_full_stall 0 csf_max 1 parser_no_credit 207
ok     fuzz/f022              fast     0.1s 4 elements 13 cycles | cbuf_credit_stall 0 csf_full_stall 0 csf_max 2 parser_no_credit 0
ok     fuzz/f022              slow     0.2s 4 elements 20 cycles | cbuf_credit_stall 0 csf_full_stall 0 csf_max 2 parser_no_credit 0
ok     fuzz/f022              mix      0.1s 4 elements 14 cycles | cbuf_credit_stall 0 csf_full_stall 0 csf_max 2 parser_no_credit 0
ok     fuzz/f022              tight    0.1s 4 elements 72 cycles | cbuf_credit_stall 0 csf_full_stall 0 csf_max 2 parser_no_credit 0
ok     fuzz/f023              fast     0.5s 369 elements 1526 cycles | cbuf_credit_stall 392 csf_full_stall 0 csf_max 1 parser_no_credit 0
ok     fuzz/f023              slow     0.6s 369 elements 5497 cycles | cbuf_credit_stall 4233 csf_full_stall 0 csf_max 1 parser_no_credit 15
ok     fuzz/f023              mix      0.5s 369 elements 2714 cycles | cbuf_credit_stall 1547 csf_full_stall 0 csf_max 1 parser_no_credit 0
ok     fuzz/f023              tight    0.9s 369 elements 17999 cycles | cbuf_credit_stall 16413 csf_full_stall 0 csf_max 1 parser_no_credit 38
ok     fuzz/f024              fast     0.1s 34 elements 58 cycles | cbuf_credit_stall 0 csf_full_stall 18 csf_max 4 parser_no_credit 0
ok     fuzz/f024              slow     0.1s 34 elements 156 cycles | cbuf_credit_stall 0 csf_full_stall 12 csf_max 4 parser_no_credit 0
ok     fuzz/f024              mix      0.2s 34 elements 70 cycles | cbuf_credit_stall 0 csf_full_stall 18 csf_max 4 parser_no_credit 0
ok     fuzz/f024              tight    0.2s 34 elements 388 cycles | cbuf_credit_stall 0 csf_full_stall 18 csf_max 4 parser_no_credit 0
ok     fuzz/f025              fast     0.9s 801 elements 3315 cycles | cbuf_credit_stall 875 csf_full_stall 0 csf_max 2 parser_no_credit 0
ok     fuzz/f025              slow     1.1s 801 elements 11833 cycles | cbuf_credit_stall 9299 csf_full_stall 0 csf_max 2 parser_no_credit 0
ok     fuzz/f025              mix      0.9s 801 elements 5894 cycles | cbuf_credit_stall 3427 csf_full_stall 0 csf_max 2 parser_no_credit 0
ok     fuzz/f025              tight    1.8s 801 elements 39294 cycles | cbuf_credit_stall 36466 csf_full_stall 0 csf_max 1 parser_no_credit 0
ok     fuzz/f026              fast     0.8s 648 elements 2781 cycles | cbuf_credit_stall 729 csf_full_stall 0 csf_max 3 parser_no_credit 0
ok     fuzz/f026              slow     0.9s 648 elements 10219 cycles | cbuf_credit_stall 8049 csf_full_stall 0 csf_max 2 parser_no_credit 35
ok     fuzz/f026              mix      0.8s 648 elements 4969 cycles | cbuf_credit_stall 2866 csf_full_stall 0 csf_max 2 parser_no_credit 0
ok     fuzz/f026              tight    1.5s 648 elements 34011 cycles | cbuf_credit_stall 31432 csf_full_stall 0 csf_max 2 parser_no_credit 177
ok     fuzz/f027              fast     0.4s 433 elements 1466 cycles | cbuf_credit_stall 380 csf_full_stall 0 csf_max 3 parser_no_credit 0
ok     fuzz/f027              slow     0.5s 433 elements 5534 cycles | cbuf_credit_stall 4259 csf_full_stall 0 csf_max 3 parser_no_credit 300
ok     fuzz/f027              mix      0.5s 433 elements 2683 cycles | cbuf_credit_stall 1527 csf_full_stall 0 csf_max 3 parser_no_credit 24
ok     fuzz/f027              tight    0.9s 433 elements 18232 cycles | cbuf_credit_stall 16298 csf_full_stall 0 csf_max 2 parser_no_credit 914
ok     fuzz/f028              fast     0.3s 110 elements 628 cycles | cbuf_credit_stall 138 csf_full_stall 0 csf_max 1 parser_no_credit 0
ok     fuzz/f028              slow     0.3s 110 elements 2221 cycles | cbuf_credit_stall 1643 csf_full_stall 0 csf_max 1 parser_no_credit 0
ok     fuzz/f028              mix      0.3s 110 elements 1167 cycles | cbuf_credit_stall 637 csf_full_stall 0 csf_max 1 parser_no_credit 0
ok     fuzz/f028              tight    0.4s 110 elements 6992 cycles | cbuf_credit_stall 6171 csf_full_stall 0 csf_max 1 parser_no_credit 12
ok     fuzz/f029              fast     0.6s 382 elements 1930 cycles | cbuf_credit_stall 478 csf_full_stall 0 csf_max 2 parser_no_credit 0
ok     fuzz/f029              slow     0.7s 382 elements 6992 cycles | cbuf_credit_stall 5396 csf_full_stall 0 csf_max 2 parser_no_credit 0
ok     fuzz/f029              mix      0.6s 382 elements 3370 cycles | cbuf_credit_stall 1881 csf_full_stall 0 csf_max 2 parser_no_credit 0
ok     fuzz/f029              tight    1.1s 382 elements 22956 cycles | cbuf_credit_stall 20891 csf_full_stall 0 csf_max 2 parser_no_credit 0
ok     fuzz/f030              fast     0.8s 627 elements 2417 cycles | cbuf_credit_stall 615 csf_full_stall 0 csf_max 3 parser_no_credit 0
ok     fuzz/f030              slow     0.9s 627 elements 9031 cycles | cbuf_credit_stall 6979 csf_full_stall 0 csf_max 1 parser_no_credit 0
ok     fuzz/f030              mix      0.6s 627 elements 4249 cycles | cbuf_credit_stall 2411 csf_full_stall 0 csf_max 1 parser_no_credit 0
ok     fuzz/f030              tight    1.2s 627 elements 29689 cycles | cbuf_credit_stall 27133 csf_full_stall 0 csf_max 2 parser_no_credit 73
ok     fuzz/f031              fast     0.1s 2 elements 13 cycles | cbuf_credit_stall 0 csf_full_stall 0 csf_max 1 parser_no_credit 0
ok     fuzz/f031              slow     0.1s 2 elements 36 cycles | cbuf_credit_stall 0 csf_full_stall 0 csf_max 1 parser_no_credit 0
ok     fuzz/f031              mix      0.1s 2 elements 16 cycles | cbuf_credit_stall 0 csf_full_stall 0 csf_max 1 parser_no_credit 0
ok     fuzz/f031              tight    0.1s 2 elements 87 cycles | cbuf_credit_stall 0 csf_full_stall 0 csf_max 1 parser_no_credit 0
ok     fuzz/f032              fast     0.8s 51 elements 2974 cycles | cbuf_credit_stall 547 csf_full_stall 0 csf_max 1 parser_no_credit 0
ok     fuzz/f032              slow     1.0s 51 elements 9936 cycles | cbuf_credit_stall 7371 csf_full_stall 0 csf_max 1 parser_no_credit 0
ok     fuzz/f032              mix      0.9s 51 elements 5123 cycles | cbuf_credit_stall 2637 csf_full_stall 0 csf_max 1 parser_no_credit 0
ok     fuzz/f032              tight    1.6s 51 elements 32958 cycles | cbuf_credit_stall 30045 csf_full_stall 0 csf_max 1 parser_no_credit 0
ok     fuzz/f033              fast     0.4s 479 elements 1354 cycles | cbuf_credit_stall 371 csf_full_stall 0 csf_max 2 parser_no_credit 0
ok     fuzz/f033              slow     0.5s 479 elements 5211 cycles | cbuf_credit_stall 4033 csf_full_stall 0 csf_max 2 parser_no_credit 358
ok     fuzz/f033              mix      0.5s 479 elements 2476 cycles | cbuf_credit_stall 1439 csf_full_stall 0 csf_max 2 parser_no_credit 79
ok     fuzz/f033              tight    0.8s 479 elements 16702 cycles | cbuf_credit_stall 15046 csf_full_stall 0 csf_max 2 parser_no_credit 1663
ok     fuzz/f034              fast     0.2s 26 elements 49 cycles | cbuf_credit_stall 0 csf_full_stall 16 csf_max 4 parser_no_credit 0
ok     fuzz/f034              slow     0.1s 26 elements 128 cycles | cbuf_credit_stall 0 csf_full_stall 14 csf_max 4 parser_no_credit 0
ok     fuzz/f034              mix      0.1s 26 elements 49 cycles | cbuf_credit_stall 0 csf_full_stall 16 csf_max 4 parser_no_credit 0
ok     fuzz/f034              tight    0.2s 26 elements 278 cycles | cbuf_credit_stall 0 csf_full_stall 16 csf_max 4 parser_no_credit 0
ok     fuzz/f035              fast     1.1s 880 elements 3491 cycles | cbuf_credit_stall 950 csf_full_stall 0 csf_max 2 parser_no_credit 0
ok     fuzz/f035              slow     1.6s 880 elements 12538 cycles | cbuf_credit_stall 9898 csf_full_stall 0 csf_max 2 parser_no_credit 112
ok     fuzz/f035              mix      1.3s 880 elements 6174 cycles | cbuf_credit_stall 3613 csf_full_stall 0 csf_max 2 parser_no_credit 3
ok     fuzz/f035              tight    2.7s 880 elements 41800 cycles | cbuf_credit_stall 38818 csf_full_stall 0 csf_max 2 parser_no_credit 821
ok     fuzz/f036              fast     0.3s 100 elements 363 cycles | cbuf_credit_stall 65 csf_full_stall 0 csf_max 3 parser_no_credit 0
ok     fuzz/f036              slow     0.3s 100 elements 1238 cycles | cbuf_credit_stall 793 csf_full_stall 0 csf_max 2 parser_no_credit 0
ok     fuzz/f036              mix      0.3s 100 elements 649 cycles | cbuf_credit_stall 307 csf_full_stall 0 csf_max 3 parser_no_credit 0
ok     fuzz/f036              tight    0.4s 100 elements 4080 cycles | cbuf_credit_stall 3220 csf_full_stall 0 csf_max 3 parser_no_credit 0
ok     fuzz/f037              fast     1.8s 1145 elements 4915 cycles | cbuf_credit_stall 1296 csf_full_stall 0 csf_max 3 parser_no_credit 0
ok     fuzz/f037              slow     2.3s 1145 elements 17462 cycles | cbuf_credit_stall 13718 csf_full_stall 0 csf_max 2 parser_no_credit 87
ok     fuzz/f037              mix      1.9s 1145 elements 8652 cycles | cbuf_credit_stall 5004 csf_full_stall 0 csf_max 3 parser_no_credit 0
ok     fuzz/f037              tight    3.3s 1145 elements 57790 cycles | cbuf_credit_stall 53646 csf_full_stall 0 csf_max 3 parser_no_credit 138
ok     fuzz/f038              fast     0.8s 530 elements 2169 cycles | cbuf_credit_stall 564 csf_full_stall 0 csf_max 2 parser_no_credit 0
ok     fuzz/f038              slow     0.9s 530 elements 8008 cycles | cbuf_credit_stall 6258 csf_full_stall 0 csf_max 2 parser_no_credit 92
ok     fuzz/f038              mix      0.7s 530 elements 3823 cycles | cbuf_credit_stall 2181 csf_full_stall 0 csf_max 2 parser_no_credit 9
ok     fuzz/f038              tight    1.5s 530 elements 26065 cycles | cbuf_credit_stall 23910 csf_full_stall 0 csf_max 2 parser_no_credit 498
ok     fuzz/f039              fast     0.2s 71 elements 243 cycles | cbuf_credit_stall 44 csf_full_stall 0 csf_max 2 parser_no_credit 0
ok     fuzz/f039              slow     0.2s 71 elements 867 cycles | cbuf_credit_stall 488 csf_full_stall 0 csf_max 2 parser_no_credit 0
ok     fuzz/f039              mix      0.2s 71 elements 446 cycles | cbuf_credit_stall 192 csf_full_stall 0 csf_max 2 parser_no_credit 0
ok     fuzz/f039              tight    0.3s 71 elements 2728 cycles | cbuf_credit_stall 2050 csf_full_stall 0 csf_max 2 parser_no_credit 0
ok     fuzz/f040              fast     0.5s 259 elements 1177 cycles | cbuf_credit_stall 279 csf_full_stall 0 csf_max 2 parser_no_credit 0
ok     fuzz/f040              slow     0.6s 259 elements 4393 cycles | cbuf_credit_stall 3370 csf_full_stall 0 csf_max 2 parser_no_credit 30
ok     fuzz/f040              mix      0.5s 259 elements 2140 cycles | cbuf_credit_stall 1214 csf_full_stall 0 csf_max 3 parser_no_credit 0
ok     fuzz/f040              tight    0.9s 259 elements 14187 cycles | cbuf_credit_stall 12605 csf_full_stall 0 csf_max 1 parser_no_credit 76
ok     fuzz/f041              fast     0.5s 337 elements 1037 cycles | cbuf_credit_stall 255 csf_full_stall 7 csf_max 4 parser_no_credit 0
ok     fuzz/f041              slow     0.6s 337 elements 4122 cycles | cbuf_credit_stall 3086 csf_full_stall 0 csf_max 3 parser_no_credit 137
ok     fuzz/f041              mix      0.5s 337 elements 1941 cycles | cbuf_credit_stall 1125 csf_full_stall 0 csf_max 3 parser_no_credit 4
ok     fuzz/f041              tight    0.9s 337 elements 12906 cycles | cbuf_credit_stall 11046 csf_full_stall 0 csf_max 2 parser_no_credit 631
ok     fuzz/f042              fast     0.5s 292 elements 1149 cycles | cbuf_credit_stall 270 csf_full_stall 0 csf_max 3 parser_no_credit 0
ok     fuzz/f042              slow     0.7s 292 elements 4253 cycles | cbuf_credit_stall 3187 csf_full_stall 0 csf_max 3 parser_no_credit 39
ok     fuzz/f042              mix      0.6s 292 elements 2084 cycles | cbuf_credit_stall 1136 csf_full_stall 0 csf_max 3 parser_no_credit 0
ok     fuzz/f042              tight    1.0s 292 elements 13443 cycles | cbuf_credit_stall 11685 csf_full_stall 0 csf_max 3 parser_no_credit 269
ok     fuzz/f043              fast     0.6s 183 elements 1257 cycles | cbuf_credit_stall 270 csf_full_stall 0 csf_max 1 parser_no_credit 0
ok     fuzz/f043              slow     0.7s 183 elements 4573 cycles | cbuf_credit_stall 3412 csf_full_stall 0 csf_max 1 parser_no_credit 0
ok     fuzz/f043              mix      0.6s 183 elements 2261 cycles | cbuf_credit_stall 1235 csf_full_stall 0 csf_max 1 parser_no_credit 0
ok     fuzz/f043              tight    1.1s 183 elements 14722 cycles | cbuf_credit_stall 13249 csf_full_stall 0 csf_max 1 parser_no_credit 0
ok     fuzz/f044              fast     0.2s 24 elements 44 cycles | cbuf_credit_stall 0 csf_full_stall 15 csf_max 4 parser_no_credit 0
ok     fuzz/f044              slow     0.2s 24 elements 123 cycles | cbuf_credit_stall 0 csf_full_stall 13 csf_max 4 parser_no_credit 0
ok     fuzz/f044              mix      0.2s 24 elements 49 cycles | cbuf_credit_stall 0 csf_full_stall 15 csf_max 4 parser_no_credit 0
ok     fuzz/f044              tight    0.2s 24 elements 249 cycles | cbuf_credit_stall 0 csf_full_stall 15 csf_max 4 parser_no_credit 0
ok     fuzz/f045              fast     0.7s 320 elements 1439 cycles | cbuf_credit_stall 342 csf_full_stall 0 csf_max 2 parser_no_credit 0
ok     fuzz/f045              slow     0.8s 320 elements 5332 cycles | cbuf_credit_stall 4125 csf_full_stall 0 csf_max 2 parser_no_credit 78
ok     fuzz/f045              mix      0.7s 320 elements 2620 cycles | cbuf_credit_stall 1484 csf_full_stall 0 csf_max 2 parser_no_credit 0
ok     fuzz/f045              tight    1.2s 320 elements 17369 cycles | cbuf_credit_stall 15665 csf_full_stall 0 csf_max 2 parser_no_credit 185
ok     fuzz/f046              fast     0.2s 3 elements 10 cycles | cbuf_credit_stall 0 csf_full_stall 0 csf_max 1 parser_no_credit 0
ok     fuzz/f046              slow     0.2s 3 elements 20 cycles | cbuf_credit_stall 0 csf_full_stall 0 csf_max 1 parser_no_credit 0
ok     fuzz/f046              mix      0.2s 3 elements 14 cycles | cbuf_credit_stall 0 csf_full_stall 0 csf_max 1 parser_no_credit 0
ok     fuzz/f046              tight    0.2s 3 elements 72 cycles | cbuf_credit_stall 0 csf_full_stall 0 csf_max 1 parser_no_credit 0
ok     fuzz/f047              fast     0.2s 83 elements 453 cycles | cbuf_credit_stall 103 csf_full_stall 0 csf_max 2 parser_no_credit 0
ok     fuzz/f047              slow     0.3s 83 elements 1514 cycles | cbuf_credit_stall 1039 csf_full_stall 0 csf_max 2 parser_no_credit 0
ok     fuzz/f047              mix      0.3s 83 elements 794 cycles | cbuf_credit_stall 411 csf_full_stall 0 csf_max 2 parser_no_credit 0
ok     fuzz/f047              tight    0.4s 83 elements 4901 cycles | cbuf_credit_stall 4202 csf_full_stall 0 csf_max 2 parser_no_credit 0
ok     fuzz/f048              fast     0.9s 421 elements 2066 cycles | cbuf_credit_stall 512 csf_full_stall 0 csf_max 3 parser_no_credit 0
ok     fuzz/f048              slow     1.0s 421 elements 7631 cycles | cbuf_credit_stall 5975 csf_full_stall 0 csf_max 2 parser_no_credit 1
ok     fuzz/f048              mix      0.9s 421 elements 3625 cycles | cbuf_credit_stall 2055 csf_full_stall 0 csf_max 2 parser_no_credit 0
ok     fuzz/f048              tight    1.6s 421 elements 24578 cycles | cbuf_credit_stall 22713 csf_full_stall 0 csf_max 1 parser_no_credit 0
ok     fuzz/f049              fast     0.3s 77 elements 323 cycles | cbuf_credit_stall 59 csf_full_stall 0 csf_max 1 parser_no_credit 0
ok     fuzz/f049              slow     0.3s 77 elements 1148 cycles | cbuf_credit_stall 768 csf_full_stall 0 csf_max 1 parser_no_credit 0
ok     fuzz/f049              mix      0.3s 77 elements 569 cycles | cbuf_credit_stall 279 csf_full_stall 0 csf_max 1 parser_no_credit 0
ok     fuzz/f049              tight    0.4s 77 elements 3717 cycles | cbuf_credit_stall 3051 csf_full_stall 0 csf_max 1 parser_no_credit 0
ok     fuzz/f050              fast     1.3s 689 elements 3307 cycles | cbuf_credit_stall 849 csf_full_stall 0 csf_max 2 parser_no_credit 0
ok     fuzz/f050              slow     1.5s 689 elements 11849 cycles | cbuf_credit_stall 9296 csf_full_stall 0 csf_max 2 parser_no_credit 67
ok     fuzz/f050              mix      1.3s 689 elements 5914 cycles | cbuf_credit_stall 3435 csf_full_stall 0 csf_max 2 parser_no_credit 0
ok     fuzz/f050              tight    2.4s 689 elements 39355 cycles | cbuf_credit_stall 36565 csf_full_stall 0 csf_max 1 parser_no_credit 99
ok     fuzz/f051              fast     0.5s 160 elements 915 cycles | cbuf_credit_stall 193 csf_full_stall 0 csf_max 2 parser_no_credit 0
ok     fuzz/f051              slow     0.6s 160 elements 3371 cycles | cbuf_credit_stall 2522 csf_full_stall 0 csf_max 2 parser_no_credit 0
ok     fuzz/f051              mix      0.5s 160 elements 1699 cycles | cbuf_credit_stall 951 csf_full_stall 0 csf_max 2 parser_no_credit 0
ok     fuzz/f051              tight    0.8s 160 elements 10427 cycles | cbuf_credit_stall 9345 csf_full_stall 0 csf_max 2 parser_no_credit 0
ok     fuzz/f052              fast     0.8s 406 elements 1989 cycles | cbuf_credit_stall 465 csf_full_stall 0 csf_max 2 parser_no_credit 0
ok     fuzz/f052              slow     1.0s 406 elements 7239 cycles | cbuf_credit_stall 5520 csf_full_stall 0 csf_max 2 parser_no_credit 2
ok     fuzz/f052              mix      0.8s 406 elements 3496 cycles | cbuf_credit_stall 1923 csf_full_stall 0 csf_max 2 parser_no_credit 0
ok     fuzz/f052              tight    1.5s 406 elements 23614 cycles | cbuf_credit_stall 21577 csf_full_stall 0 csf_max 2 parser_no_credit 15
ok     fuzz/f053              fast     1.3s 641 elements 3421 cycles | cbuf_credit_stall 840 csf_full_stall 0 csf_max 3 parser_no_credit 0
ok     fuzz/f053              slow     1.5s 641 elements 12150 cycles | cbuf_credit_stall 9429 csf_full_stall 0 csf_max 2 parser_no_credit 201
ok     fuzz/f053              mix      1.4s 641 elements 6079 cycles | cbuf_credit_stall 3466 csf_full_stall 0 csf_max 2 parser_no_credit 15
ok     fuzz/f053              tight    2.7s 641 elements 40423 cycles | cbuf_credit_stall 37404 csf_full_stall 0 csf_max 2 parser_no_credit 783
ok     fuzz/f054              fast     0.2s 14 elements 28 cycles | cbuf_credit_stall 0 csf_full_stall 2 csf_max 4 parser_no_credit 0
ok     fuzz/f054              slow     0.2s 14 elements 81 cycles | cbuf_credit_stall 0 csf_full_stall 0 csf_max 4 parser_no_credit 0
ok     fuzz/f054              mix      0.2s 14 elements 29 cycles | cbuf_credit_stall 0 csf_full_stall 2 csf_max 4 parser_no_credit 0
ok     fuzz/f054              tight    0.2s 14 elements 201 cycles | cbuf_credit_stall 0 csf_full_stall 2 csf_max 4 parser_no_credit 0
ok     fuzz/f055              fast     0.2s 2 elements 8 cycles | cbuf_credit_stall 0 csf_full_stall 0 csf_max 1 parser_no_credit 0
ok     fuzz/f055              slow     0.2s 2 elements 12 cycles | cbuf_credit_stall 0 csf_full_stall 0 csf_max 1 parser_no_credit 0
ok     fuzz/f055              mix      0.2s 2 elements 9 cycles | cbuf_credit_stall 0 csf_full_stall 0 csf_max 1 parser_no_credit 0
ok     fuzz/f055              tight    0.2s 2 elements 46 cycles | cbuf_credit_stall 0 csf_full_stall 0 csf_max 1 parser_no_credit 0
ok     fuzz/f056              fast     1.4s 734 elements 3437 cycles | cbuf_credit_stall 893 csf_full_stall 0 csf_max 2 parser_no_credit 0
ok     fuzz/f056              slow     1.7s 734 elements 12329 cycles | cbuf_credit_stall 9619 csf_full_stall 0 csf_max 2 parser_no_credit 15
ok     fuzz/f056              mix      1.4s 734 elements 6108 cycles | cbuf_credit_stall 3530 csf_full_stall 0 csf_max 2 parser_no_credit 0
ok     fuzz/f056              tight    2.5s 734 elements 40956 cycles | cbuf_credit_stall 37873 csf_full_stall 0 csf_max 2 parser_no_credit 180
ok     fuzz/f057              fast     1.4s 39 elements 3945 cycles | cbuf_credit_stall 770 csf_full_stall 0 csf_max 1 parser_no_credit 0
ok     fuzz/f057              slow     1.4s 39 elements 12901 cycles | cbuf_credit_stall 9508 csf_full_stall 0 csf_max 1 parser_no_credit 0
ok     fuzz/f057              mix      1.3s 39 elements 6688 cycles | cbuf_credit_stall 3478 csf_full_stall 0 csf_max 1 parser_no_credit 0
ok     fuzz/f057              tight    2.4s 39 elements 43059 cycles | cbuf_credit_stall 39068 csf_full_stall 0 csf_max 1 parser_no_credit 0
ok     fuzz/f058              fast     0.9s 567 elements 2480 cycles | cbuf_credit_stall 636 csf_full_stall 0 csf_max 3 parser_no_credit 0
ok     fuzz/f058              slow     1.2s 567 elements 8940 cycles | cbuf_credit_stall 6941 csf_full_stall 0 csf_max 3 parser_no_credit 190
ok     fuzz/f058              mix      1.1s 567 elements 4302 cycles | cbuf_credit_stall 2427 csf_full_stall 0 csf_max 3 parser_no_credit 5
ok     fuzz/f058              tight    2.0s 567 elements 29521 cycles | cbuf_credit_stall 27178 csf_full_stall 0 csf_max 3 parser_no_credit 772
ok     fuzz/f059              fast     0.3s 94 elements 454 cycles | cbuf_credit_stall 96 csf_full_stall 0 csf_max 2 parser_no_credit 0
ok     fuzz/f059              slow     0.3s 94 elements 1476 cycles | cbuf_credit_stall 958 csf_full_stall 0 csf_max 2 parser_no_credit 0
ok     fuzz/f059              mix      0.3s 94 elements 802 cycles | cbuf_credit_stall 391 csf_full_stall 0 csf_max 2 parser_no_credit 0
ok     fuzz/f059              tight    0.4s 94 elements 4834 cycles | cbuf_credit_stall 3943 csf_full_stall 0 csf_max 2 parser_no_credit 0
ok     fuzz/f060              fast     0.2s 59 elements 218 cycles | cbuf_credit_stall 35 csf_full_stall 0 csf_max 2 parser_no_credit 0
ok     fuzz/f060              slow     0.2s 59 elements 751 cycles | cbuf_credit_stall 451 csf_full_stall 0 csf_max 2 parser_no_credit 0
ok     fuzz/f060              mix      0.2s 59 elements 409 cycles | cbuf_credit_stall 177 csf_full_stall 0 csf_max 1 parser_no_credit 0
ok     fuzz/f060              tight    0.3s 59 elements 2497 cycles | cbuf_credit_stall 1915 csf_full_stall 0 csf_max 1 parser_no_credit 0
ok     fuzz/f061              fast     0.7s 353 elements 1547 cycles | cbuf_credit_stall 375 csf_full_stall 0 csf_max 3 parser_no_credit 0
ok     fuzz/f061              slow     0.8s 353 elements 5621 cycles | cbuf_credit_stall 4309 csf_full_stall 0 csf_max 2 parser_no_credit 0
ok     fuzz/f061              mix      0.7s 353 elements 2787 cycles | cbuf_credit_stall 1575 csf_full_stall 0 csf_max 2 parser_no_credit 0
ok     fuzz/f061              tight    1.4s 353 elements 18580 cycles | cbuf_credit_stall 16666 csf_full_stall 0 csf_max 2 parser_no_credit 0
ok     fuzz/f062              fast     0.8s 263 elements 1753 cycles | cbuf_credit_stall 391 csf_full_stall 0 csf_max 3 parser_no_credit 0
ok     fuzz/f062              slow     1.0s 263 elements 6208 cycles | cbuf_credit_stall 4673 csf_full_stall 0 csf_max 3 parser_no_credit 0
ok     fuzz/f062              mix      0.9s 263 elements 3080 cycles | cbuf_credit_stall 1685 csf_full_stall 0 csf_max 3 parser_no_credit 0
ok     fuzz/f062              tight    1.4s 263 elements 20403 cycles | cbuf_credit_stall 18548 csf_full_stall 0 csf_max 3 parser_no_credit 27
ok     fuzz/f063              fast     1.1s 625 elements 2525 cycles | cbuf_credit_stall 670 csf_full_stall 0 csf_max 2 parser_no_credit 0
ok     fuzz/f063              slow     1.2s 625 elements 9429 cycles | cbuf_credit_stall 7460 csf_full_stall 0 csf_max 1 parser_no_credit 0
ok     fuzz/f063              mix      1.1s 625 elements 4463 cycles | cbuf_credit_stall 2567 csf_full_stall 0 csf_max 2 parser_no_credit 0
ok     fuzz/f063              tight    2.0s 625 elements 30957 cycles | cbuf_credit_stall 28677 csf_full_stall 0 csf_max 1 parser_no_credit 0
ok     fuzz/f064              fast     0.2s 30 elements 46 cycles | cbuf_credit_stall 0 csf_full_stall 9 csf_max 4 parser_no_credit 0
ok     fuzz/f064              slow     0.2s 30 elements 139 cycles | cbuf_credit_stall 0 csf_full_stall 7 csf_max 4 parser_no_credit 0
ok     fuzz/f064              mix      0.2s 30 elements 54 cycles | cbuf_credit_stall 0 csf_full_stall 9 csf_max 4 parser_no_credit 0
ok     fuzz/f064              tight    0.2s 30 elements 336 cycles | cbuf_credit_stall 0 csf_full_stall 9 csf_max 4 parser_no_credit 0
ok     fuzz/f065              fast     0.6s 368 elements 1124 cycles | cbuf_credit_stall 280 csf_full_stall 0 csf_max 2 parser_no_credit 0
ok     fuzz/f065              slow     0.6s 368 elements 4320 cycles | cbuf_credit_stall 3325 csf_full_stall 0 csf_max 1 parser_no_credit 0
ok     fuzz/f065              mix      0.5s 368 elements 2089 cycles | cbuf_credit_stall 1192 csf_full_stall 0 csf_max 2 parser_no_credit 0
ok     fuzz/f065              tight    1.0s 368 elements 13902 cycles | cbuf_credit_stall 12260 csf_full_stall 0 csf_max 1 parser_no_credit 0
ok     fuzz/f066              fast     0.2s 22 elements 258 cycles | cbuf_credit_stall 36 csf_full_stall 0 csf_max 1 parser_no_credit 0
ok     fuzz/f066              slow     0.2s 22 elements 851 cycles | cbuf_credit_stall 493 csf_full_stall 0 csf_max 1 parser_no_credit 0
ok     fuzz/f066              mix      0.2s 22 elements 461 cycles | cbuf_credit_stall 202 csf_full_stall 0 csf_max 1 parser_no_credit 0
ok     fuzz/f066              tight    0.3s 22 elements 2710 cycles | cbuf_credit_stall 2161 csf_full_stall 0 csf_max 1 parser_no_credit 0
ok     fuzz/f067              fast     0.2s 1 elements 7 cycles | cbuf_credit_stall 0 csf_full_stall 0 csf_max 1 parser_no_credit 0
ok     fuzz/f067              slow     0.2s 1 elements 10 cycles | cbuf_credit_stall 0 csf_full_stall 0 csf_max 1 parser_no_credit 0
ok     fuzz/f067              mix      0.2s 1 elements 8 cycles | cbuf_credit_stall 0 csf_full_stall 0 csf_max 1 parser_no_credit 0
ok     fuzz/f067              tight    0.2s 1 elements 27 cycles | cbuf_credit_stall 0 csf_full_stall 0 csf_max 1 parser_no_credit 0
ok     fuzz/f068              fast     1.7s 844 elements 4661 cycles | cbuf_credit_stall 1171 csf_full_stall 0 csf_max 2 parser_no_credit 0
ok     fuzz/f068              slow     2.0s 844 elements 16371 cycles | cbuf_credit_stall 12723 csf_full_stall 0 csf_max 2 parser_no_credit 35
ok     fuzz/f068              mix      1.7s 844 elements 8126 cycles | cbuf_credit_stall 4610 csf_full_stall 0 csf_max 2 parser_no_credit 0
ok     fuzz/f068              tight    3.2s 844 elements 54146 cycles | cbuf_credit_stall 50262 csf_full_stall 0 csf_max 1 parser_no_credit 226
ok     fuzz/f069              fast     1.0s 523 elements 2757 cycles | cbuf_credit_stall 660 csf_full_stall 1 csf_max 4 parser_no_credit 0
ok     fuzz/f069              slow     1.2s 523 elements 9827 cycles | cbuf_credit_stall 7564 csf_full_stall 0 csf_max 2 parser_no_credit 0
ok     fuzz/f069              mix      1.1s 523 elements 4833 cycles | cbuf_credit_stall 2678 csf_full_stall 0 csf_max 3 parser_no_credit 0
ok     fuzz/f069              tight    2.1s 523 elements 32605 cycles | cbuf_credit_stall 29734 csf_full_stall 0 csf_max 3 parser_no_credit 0
ok     fuzz/f070              fast     0.2s 55 elements 132 cycles | cbuf_credit_stall 24 csf_full_stall 0 csf_max 1 parser_no_credit 0
ok     fuzz/f070              slow     0.2s 55 elements 475 cycles | cbuf_credit_stall 214 csf_full_stall 0 csf_max 1 parser_no_credit 0
ok     fuzz/f070              mix      0.2s 55 elements 226 cycles | cbuf_credit_stall 64 csf_full_stall 0 csf_max 1 parser_no_credit 0
ok     fuzz/f070              tight    0.2s 55 elements 1552 cycles | cbuf_credit_stall 908 csf_full_stall 0 csf_max 1 parser_no_credit 0
ok     fuzz/f071              fast     0.4s 240 elements 804 cycles | cbuf_credit_stall 188 csf_full_stall 0 csf_max 3 parser_no_credit 0
ok     fuzz/f071              slow     0.5s 240 elements 2994 cycles | cbuf_credit_stall 2156 csf_full_stall 0 csf_max 3 parser_no_credit 0
ok     fuzz/f071              mix      0.4s 240 elements 1462 cycles | cbuf_credit_stall 821 csf_full_stall 0 csf_max 3 parser_no_credit 0
ok     fuzz/f071              tight    0.7s 240 elements 9262 cycles | cbuf_credit_stall 8077 csf_full_stall 0 csf_max 3 parser_no_credit 0
ok     fuzz/f072              fast     0.5s 299 elements 1047 cycles | cbuf_credit_stall 268 csf_full_stall 0 csf_max 1 parser_no_credit 0
ok     fuzz/f072              slow     0.6s 299 elements 3919 cycles | cbuf_credit_stall 3022 csf_full_stall 0 csf_max 1 parser_no_credit 0
ok     fuzz/f072              mix      0.5s 299 elements 1907 cycles | cbuf_credit_stall 1106 csf_full_stall 0 csf_max 1 parser_no_credit 0
ok     fuzz/f072              tight    0.9s 299 elements 12093 cycles | cbuf_credit_stall 10905 csf_full_stall 0 csf_max 1 parser_no_credit 40
ok     fuzz/f073              fast     0.8s 490 elements 1982 cycles | cbuf_credit_stall 503 csf_full_stall 0 csf_max 2 parser_no_credit 0
ok     fuzz/f073              slow     1.0s 490 elements 7581 cycles | cbuf_credit_stall 5880 csf_full_stall 0 csf_max 2 parser_no_credit 5
ok     fuzz/f073              mix      0.9s 490 elements 3540 cycles | cbuf_credit_stall 2009 csf_full_stall 0 csf_max 2 parser_no_credit 0
ok     fuzz/f073              tight    1.6s 490 elements 24379 cycles | cbuf_credit_stall 22353 csf_full_stall 0 csf_max 2 parser_no_credit 27
ok     fuzz/f074              fast     0.2s 38 elements 63 cycles | cbuf_credit_stall 0 csf_full_stall 16 csf_max 4 parser_no_credit 0
ok     fuzz/f074              slow     0.2s 38 elements 172 cycles | cbuf_credit_stall 0 csf_full_stall 9 csf_max 4 parser_no_credit 0
ok     fuzz/f074              mix      0.2s 38 elements 75 cycles | cbuf_credit_stall 0 csf_full_stall 16 csf_max 4 parser_no_credit 0
ok     fuzz/f074              tight    0.2s 38 elements 469 cycles | cbuf_credit_stall 0 csf_full_stall 16 csf_max 4 parser_no_credit 0
ok     fuzz/f075              fast     0.7s 305 elements 1316 cycles | cbuf_credit_stall 307 csf_full_stall 0 csf_max 3 parser_no_credit 0
ok     fuzz/f075              slow     0.8s 305 elements 4963 cycles | cbuf_credit_stall 3792 csf_full_stall 0 csf_max 2 parser_no_credit 0
ok     fuzz/f075              mix      0.6s 305 elements 2380 cycles | cbuf_credit_stall 1334 csf_full_stall 0 csf_max 2 parser_no_credit 0
ok     fuzz/f075              tight    1.1s 305 elements 15849 cycles | cbuf_credit_stall 14437 csf_full_stall 0 csf_max 1 parser_no_credit 0
ok     fuzz/f076              fast     0.9s 382 elements 2209 cycles | cbuf_credit_stall 517 csf_full_stall 0 csf_max 2 parser_no_credit 0
ok     fuzz/f076              slow     1.1s 382 elements 8018 cycles | cbuf_credit_stall 6193 csf_full_stall 0 csf_max 2 parser_no_credit 0
ok     fuzz/f076              mix      0.9s 382 elements 3850 cycles | cbuf_credit_stall 2142 csf_full_stall 0 csf_max 2 parser_no_credit 0
ok     fuzz/f076              tight    1.6s 382 elements 26175 cycles | cbuf_credit_stall 23856 csf_full_stall 0 csf_max 1 parser_no_credit 0
ok     fuzz/f077              fast     0.4s 84 elements 611 cycles | cbuf_credit_stall 115 csf_full_stall 0 csf_max 3 parser_no_credit 0
ok     fuzz/f077              slow     0.4s 84 elements 2167 cycles | cbuf_credit_stall 1449 csf_full_stall 0 csf_max 2 parser_no_credit 0
ok     fuzz/f077              mix      0.4s 84 elements 1111 cycles | cbuf_credit_stall 550 csf_full_stall 0 csf_max 2 parser_no_credit 0
ok     fuzz/f077              tight    0.5s 84 elements 6768 cycles | cbuf_credit_stall 5537 csf_full_stall 0 csf_max 1 parser_no_credit 0
ok     fuzz/f078              fast     0.6s 226 elements 1323 cycles | cbuf_credit_stall 293 csf_full_stall 0 csf_max 2 parser_no_credit 0
ok     fuzz/f078              slow     0.8s 226 elements 4865 cycles | cbuf_credit_stall 3688 csf_full_stall 0 csf_max 2 parser_no_credit 0
ok     fuzz/f078              mix      0.6s 226 elements 2400 cycles | cbuf_credit_stall 1326 csf_full_stall 0 csf_max 2 parser_no_credit 0
ok     fuzz/f078              tight    1.3s 226 elements 15656 cycles | cbuf_credit_stall 14185 csf_full_stall 0 csf_max 2 parser_no_credit 0
ok     fuzz/f079              fast     1.2s 450 elements 2342 cycles | cbuf_credit_stall 565 csf_full_stall 0 csf_max 2 parser_no_credit 0
ok     fuzz/f079              slow     1.4s 450 elements 8578 cycles | cbuf_credit_stall 6723 csf_full_stall 0 csf_max 2 parser_no_credit 11
ok     fuzz/f079              mix      1.1s 450 elements 4090 cycles | cbuf_credit_stall 2291 csf_full_stall 0 csf_max 2 parser_no_credit 0
ok     fuzz/f079              tight    2.1s 450 elements 28441 cycles | cbuf_credit_stall 26383 csf_full_stall 0 csf_max 1 parser_no_credit 0
ok     fuzz/f080              fast     1.1s 639 elements 2263 cycles | cbuf_credit_stall 599 csf_full_stall 0 csf_max 2 parser_no_credit 0
ok     fuzz/f080              slow     1.3s 639 elements 8454 cycles | cbuf_credit_stall 6633 csf_full_stall 0 csf_max 1 parser_no_credit 0
ok     fuzz/f080              mix      1.1s 639 elements 3987 cycles | cbuf_credit_stall 2275 csf_full_stall 0 csf_max 2 parser_no_credit 0
ok     fuzz/f080              tight    1.8s 639 elements 27957 cycles | cbuf_credit_stall 25695 csf_full_stall 0 csf_max 1 parser_no_credit 0
ok     fuzz/f081              fast     1.0s 681 elements 2421 cycles | cbuf_credit_stall 644 csf_full_stall 0 csf_max 3 parser_no_credit 0
ok     fuzz/f081              slow     1.2s 681 elements 9169 cycles | cbuf_credit_stall 7216 csf_full_stall 0 csf_max 2 parser_no_credit 166
ok     fuzz/f081              mix      1.1s 681 elements 4307 cycles | cbuf_credit_stall 2502 csf_full_stall 0 csf_max 3 parser_no_credit 0
ok     fuzz/f081              tight    1.9s 681 elements 30081 cycles | cbuf_credit_stall 27827 csf_full_stall 0 csf_max 1 parser_no_credit 910
ok     fuzz/f082              fast     1.3s 52 elements 3412 cycles | cbuf_credit_stall 646 csf_full_stall 0 csf_max 1 parser_no_credit 0
ok     fuzz/f082              slow     1.4s 52 elements 11241 cycles | cbuf_credit_stall 8235 csf_full_stall 0 csf_max 1 parser_no_credit 29
ok     fuzz/f082              mix      1.3s 52 elements 5864 cycles | cbuf_credit_stall 3027 csf_full_stall 0 csf_max 1 parser_no_credit 0
ok     fuzz/f082              tight    2.1s 52 elements 37456 cycles | cbuf_credit_stall 34013 csf_full_stall 0 csf_max 1 parser_no_credit 208
ok     fuzz/f083              fast     0.3s 163 elements 311 cycles | cbuf_credit_stall 89 csf_full_stall 0 csf_max 2 parser_no_credit 0
ok     fuzz/f083              slow     0.3s 163 elements 1157 cycles | cbuf_credit_stall 831 csf_full_stall 0 csf_max 1 parser_no_credit 0
ok     fuzz/f083              mix      0.3s 163 elements 558 cycles | cbuf_credit_stall 315 csf_full_stall 0 csf_max 2 parser_no_credit 0
ok     fuzz/f083              tight    0.4s 163 elements 3751 cycles | cbuf_credit_stall 3139 csf_full_stall 0 csf_max 1 parser_no_credit 0
ok     fuzz/f084              fast     0.2s 36 elements 59 cycles | cbuf_credit_stall 0 csf_full_stall 26 csf_max 4 parser_no_credit 0
ok     fuzz/f084              slow     0.2s 36 elements 161 cycles | cbuf_credit_stall 0 csf_full_stall 24 csf_max 4 parser_no_credit 0
ok     fuzz/f084              mix      0.2s 36 elements 67 cycles | cbuf_credit_stall 0 csf_full_stall 26 csf_max 4 parser_no_credit 0
ok     fuzz/f084              tight    0.2s 36 elements 456 cycles | cbuf_credit_stall 0 csf_full_stall 26 csf_max 4 parser_no_credit 0
ok     fuzz/f085              fast     0.7s 394 elements 1592 cycles | cbuf_credit_stall 408 csf_full_stall 0 csf_max 1 parser_no_credit 0
ok     fuzz/f085              slow     0.8s 394 elements 5807 cycles | cbuf_credit_stall 4422 csf_full_stall 0 csf_max 1 parser_no_credit 0
ok     fuzz/f085              mix      0.8s 394 elements 2864 cycles | cbuf_credit_stall 1639 csf_full_stall 0 csf_max 1 parser_no_credit 0
ok     fuzz/f085              tight    1.5s 394 elements 19128 cycles | cbuf_credit_stall 17418 csf_full_stall 0 csf_max 1 parser_no_credit 0
ok     fuzz/f086              fast     0.4s 139 elements 610 cycles | cbuf_credit_stall 145 csf_full_stall 0 csf_max 1 parser_no_credit 0
ok     fuzz/f086              slow     0.6s 139 elements 2248 cycles | cbuf_credit_stall 1694 csf_full_stall 0 csf_max 1 parser_no_credit 0
ok     fuzz/f086              mix      0.6s 139 elements 1155 cycles | cbuf_credit_stall 640 csf_full_stall 0 csf_max 1 parser_no_credit 0
ok     fuzz/f086              tight    0.7s 139 elements 7129 cycles | cbuf_credit_stall 6310 csf_full_stall 0 csf_max 1 parser_no_credit 0
ok     fuzz/f087              fast     0.2s 66 elements 230 cycles | cbuf_credit_stall 36 csf_full_stall 0 csf_max 2 parser_no_credit 0
ok     fuzz/f087              slow     0.3s 66 elements 753 cycles | cbuf_credit_stall 434 csf_full_stall 0 csf_max 2 parser_no_credit 0
ok     fuzz/f087              mix      0.2s 66 elements 394 cycles | cbuf_credit_stall 160 csf_full_stall 0 csf_max 1 parser_no_credit 0
ok     fuzz/f087              tight    0.3s 66 elements 2509 cycles | cbuf_credit_stall 1871 csf_full_stall 0 csf_max 1 parser_no_credit 0
ok     fuzz/f088              fast     0.7s 370 elements 1689 cycles | cbuf_credit_stall 409 csf_full_stall 0 csf_max 3 parser_no_credit 0
ok     fuzz/f088              slow     0.8s 370 elements 6271 cycles | cbuf_credit_stall 4853 csf_full_stall 0 csf_max 2 parser_no_credit 125
ok     fuzz/f088              mix      0.7s 370 elements 3039 cycles | cbuf_credit_stall 1719 csf_full_stall 0 csf_max 2 parser_no_credit 3
ok     fuzz/f088              tight    1.3s 370 elements 20584 cycles | cbuf_credit_stall 18933 csf_full_stall 0 csf_max 2 parser_no_credit 409
ok     fuzz/f089              fast     0.5s 334 elements 895 cycles | cbuf_credit_stall 222 csf_full_stall 0 csf_max 1 parser_no_credit 0
ok     fuzz/f089              slow     0.5s 334 elements 3513 cycles | cbuf_credit_stall 2628 csf_full_stall 0 csf_max 1 parser_no_credit 28
ok     fuzz/f089              mix      0.5s 334 elements 1705 cycles | cbuf_credit_stall 977 csf_full_stall 0 csf_max 1 parser_no_credit 0
ok     fuzz/f089              tight    0.8s 334 elements 10763 cycles | cbuf_credit_stall 9623 csf_full_stall 0 csf_max 1 parser_no_credit 117
ok     fuzz/f090              fast     0.3s 113 elements 498 cycles | cbuf_credit_stall 116 csf_full_stall 0 csf_max 2 parser_no_credit 0
ok     fuzz/f090              slow     0.3s 113 elements 1715 cycles | cbuf_credit_stall 1191 csf_full_stall 0 csf_max 2 parser_no_credit 0
ok     fuzz/f090              mix      0.3s 113 elements 900 cycles | cbuf_credit_stall 474 csf_full_stall 0 csf_max 1 parser_no_credit 0
ok     fuzz/f090              tight    0.5s 113 elements 5490 cycles | cbuf_credit_stall 4747 csf_full_stall 0 csf_max 2 parser_no_credit 0
ok     fuzz/f091              fast     0.3s 67 elements 321 cycles | cbuf_credit_stall 52 csf_full_stall 0 csf_max 1 parser_no_credit 0
ok     fuzz/f091              slow     0.3s 67 elements 1121 cycles | cbuf_credit_stall 708 csf_full_stall 0 csf_max 1 parser_no_credit 0
ok     fuzz/f091              mix      0.2s 67 elements 559 cycles | cbuf_credit_stall 269 csf_full_stall 0 csf_max 1 parser_no_credit 0
ok     fuzz/f091              tight    0.3s 67 elements 3608 cycles | cbuf_credit_stall 2970 csf_full_stall 0 csf_max 1 parser_no_credit 0
ok     fuzz/f092              fast     0.5s 264 elements 1117 cycles | cbuf_credit_stall 255 csf_full_stall 0 csf_max 2 parser_no_credit 0
ok     fuzz/f092              slow     0.6s 264 elements 4226 cycles | cbuf_credit_stall 3177 csf_full_stall 0 csf_max 2 parser_no_credit 8
ok     fuzz/f092              mix      0.5s 264 elements 2067 cycles | cbuf_credit_stall 1131 csf_full_stall 0 csf_max 2 parser_no_credit 0
ok     fuzz/f092              tight    0.8s 264 elements 13327 cycles | cbuf_credit_stall 11627 csf_full_stall 0 csf_max 2 parser_no_credit 62
ok     fuzz/f093              fast     0.5s 251 elements 1031 cycles | cbuf_credit_stall 255 csf_full_stall 0 csf_max 2 parser_no_credit 0
ok     fuzz/f093              slow     0.5s 251 elements 3856 cycles | cbuf_credit_stall 2923 csf_full_stall 0 csf_max 2 parser_no_credit 0
ok     fuzz/f093              mix      0.5s 251 elements 1883 cycles | cbuf_credit_stall 1083 csf_full_stall 0 csf_max 2 parser_no_credit 0
ok     fuzz/f093              tight    0.8s 251 elements 11823 cycles | cbuf_credit_stall 10633 csf_full_stall 0 csf_max 2 parser_no_credit 0
ok     fuzz/f094              fast     0.2s 34 elements 53 cycles | cbuf_credit_stall 0 csf_full_stall 13 csf_max 4 parser_no_credit 0
ok     fuzz/f094              slow     0.2s 34 elements 156 cycles | cbuf_credit_stall 0 csf_full_stall 11 csf_max 4 parser_no_credit 0
ok     fuzz/f094              mix      0.2s 34 elements 60 cycles | cbuf_credit_stall 0 csf_full_stall 13 csf_max 4 parser_no_credit 0
ok     fuzz/f094              tight    0.2s 34 elements 388 cycles | cbuf_credit_stall 0 csf_full_stall 13 csf_max 4 parser_no_credit 0
ok     fuzz/f095              fast     1.7s 1405 elements 5027 cycles | cbuf_credit_stall 1443 csf_full_stall 0 csf_max 2 parser_no_credit 0
ok     fuzz/f095              slow     2.2s 1405 elements 17961 cycles | cbuf_credit_stall 14207 csf_full_stall 0 csf_max 2 parser_no_credit 104
ok     fuzz/f095              mix      1.8s 1405 elements 8831 cycles | cbuf_credit_stall 5218 csf_full_stall 0 csf_max 2 parser_no_credit 9
ok     fuzz/f095              tight    4.4s 1405 elements 59405 cycles | cbuf_credit_stall 55309 csf_full_stall 0 csf_max 2 parser_no_credit 336
ok     fuzz/f096              fast     0.6s 277 elements 932 cycles | cbuf_credit_stall 241 csf_full_stall 0 csf_max 2 parser_no_credit 0
ok     fuzz/f096              slow     0.6s 277 elements 3522 cycles | cbuf_credit_stall 2706 csf_full_stall 0 csf_max 2 parser_no_credit 164
ok     fuzz/f096              mix      0.6s 277 elements 1728 cycles | cbuf_credit_stall 1008 csf_full_stall 0 csf_max 2 parser_no_credit 49
ok     fuzz/f096              tight    1.0s 277 elements 10784 cycles | cbuf_credit_stall 9813 csf_full_stall 0 csf_max 2 parser_no_credit 590
ok     fuzz/f097              fast     0.8s 421 elements 1570 cycles | cbuf_credit_stall 408 csf_full_stall 0 csf_max 2 parser_no_credit 0
ok     fuzz/f097              slow     1.0s 421 elements 5758 cycles | cbuf_credit_stall 4432 csf_full_stall 0 csf_max 1 parser_no_credit 0
ok     fuzz/f097              mix      0.9s 421 elements 2819 cycles | cbuf_credit_stall 1634 csf_full_stall 0 csf_max 1 parser_no_credit 0
ok     fuzz/f097              tight    1.2s 421 elements 19001 cycles | cbuf_credit_stall 17316 csf_full_stall 0 csf_max 1 parser_no_credit 57
ok     fuzz/f098              fast     0.5s 224 elements 1254 cycles | cbuf_credit_stall 296 csf_full_stall 0 csf_max 2 parser_no_credit 0
ok     fuzz/f098              slow     0.6s 224 elements 4528 cycles | cbuf_credit_stall 3424 csf_full_stall 0 csf_max 1 parser_no_credit 0
ok     fuzz/f098              mix      0.6s 224 elements 2221 cycles | cbuf_credit_stall 1240 csf_full_stall 0 csf_max 2 parser_no_credit 0
ok     fuzz/f098              tight    1.0s 224 elements 14510 cycles | cbuf_credit_stall 13209 csf_full_stall 0 csf_max 1 parser_no_credit 0
ok     fuzz/f099              fast     1.1s 408 elements 2505 cycles | cbuf_credit_stall 580 csf_full_stall 0 csf_max 2 parser_no_credit 0
ok     fuzz/f099              slow     1.1s 408 elements 9052 cycles | cbuf_credit_stall 6940 csf_full_stall 0 csf_max 2 parser_no_credit 0
ok     fuzz/f099              mix      1.0s 408 elements 4336 cycles | cbuf_credit_stall 2370 csf_full_stall 0 csf_max 2 parser_no_credit 0
ok     fuzz/f099              tight    1.9s 408 elements 29714 cycles | cbuf_credit_stall 27479 csf_full_stall 0 csf_max 2 parser_no_credit 0
ok     fuzz/f100              fast     0.9s 376 elements 2046 cycles | cbuf_credit_stall 494 csf_full_stall 0 csf_max 1 parser_no_credit 0
ok     fuzz/f100              slow     1.0s 376 elements 7536 cycles | cbuf_credit_stall 5791 csf_full_stall 0 csf_max 1 parser_no_credit 0
ok     fuzz/f100              mix      0.8s 376 elements 3576 cycles | cbuf_credit_stall 1995 csf_full_stall 0 csf_max 1 parser_no_credit 0
ok     fuzz/f100              tight    1.4s 376 elements 24287 cycles | cbuf_credit_stall 22268 csf_full_stall 0 csf_max 1 parser_no_credit 0
ok     fuzz/f101              fast     0.7s 464 elements 1941 cycles | cbuf_credit_stall 491 csf_full_stall 0 csf_max 3 parser_no_credit 0
ok     fuzz/f101              slow     0.9s 464 elements 7328 cycles | cbuf_credit_stall 5700 csf_full_stall 0 csf_max 2 parser_no_credit 23
ok     fuzz/f101              mix      0.8s 464 elements 3472 cycles | cbuf_credit_stall 1974 csf_full_stall 0 csf_max 2 parser_no_credit 0
ok     fuzz/f101              tight    1.4s 464 elements 23760 cycles | cbuf_credit_stall 22029 csf_full_stall 0 csf_max 2 parser_no_credit 229
ok     fuzz/f102              fast     0.8s 430 elements 1928 cycles | cbuf_credit_stall 480 csf_full_stall 0 csf_max 2 parser_no_credit 0
ok     fuzz/f102              slow     0.9s 430 elements 7120 cycles | cbuf_credit_stall 5550 csf_full_stall 0 csf_max 2 parser_no_credit 25
ok     fuzz/f102              mix      0.8s 430 elements 3393 cycles | cbuf_credit_stall 1923 csf_full_stall 0 csf_max 2 parser_no_credit 0
ok     fuzz/f102              tight    1.4s 430 elements 23364 cycles | cbuf_credit_stall 21559 csf_full_stall 0 csf_max 1 parser_no_credit 65
ok     fuzz/f103              fast     1.3s 760 elements 3745 cycles | cbuf_credit_stall 979 csf_full_stall 0 csf_max 2 parser_no_credit 0
ok     fuzz/f103              slow     1.7s 760 elements 13051 cycles | cbuf_credit_stall 10124 csf_full_stall 0 csf_max 2 parser_no_credit 0
ok     fuzz/f103              mix      1.4s 760 elements 6509 cycles | cbuf_credit_stall 3706 csf_full_stall 0 csf_max 2 parser_no_credit 0
ok     fuzz/f103              tight    2.7s 760 elements 43630 cycles | cbuf_credit_stall 40220 csf_full_stall 0 csf_max 1 parser_no_credit 0
ok     fuzz/f104              fast     0.2s 16 elements 26 cycles | cbuf_credit_stall 0 csf_full_stall 0 csf_max 3 parser_no_credit 0
ok     fuzz/f104              slow     0.2s 16 elements 87 cycles | cbuf_credit_stall 0 csf_full_stall 0 csf_max 3 parser_no_credit 0
ok     fuzz/f104              mix      0.2s 16 elements 29 cycles | cbuf_credit_stall 0 csf_full_stall 0 csf_max 3 parser_no_credit 0
ok     fuzz/f104              tight    0.2s 16 elements 208 cycles | cbuf_credit_stall 0 csf_full_stall 0 csf_max 3 parser_no_credit 0
ok     fuzz/f105              fast     1.3s 538 elements 3150 cycles | cbuf_credit_stall 742 csf_full_stall 0 csf_max 3 parser_no_credit 0
ok     fuzz/f105              slow     1.5s 538 elements 11136 cycles | cbuf_credit_stall 8602 csf_full_stall 0 csf_max 3 parser_no_credit 86
ok     fuzz/f105              mix      1.2s 538 elements 5587 cycles | cbuf_credit_stall 3138 csf_full_stall 0 csf_max 2 parser_no_credit 1
ok     fuzz/f105              tight    2.4s 538 elements 37177 cycles | cbuf_credit_stall 34414 csf_full_stall 0 csf_max 1 parser_no_credit 286
ok     fuzz/f106              fast     0.7s 465 elements 1709 cycles | cbuf_credit_stall 428 csf_full_stall 0 csf_max 2 parser_no_credit 0
ok     fuzz/f106              slow     1.1s 465 elements 6431 cycles | cbuf_credit_stall 4938 csf_full_stall 0 csf_max 2 parser_no_credit 0
ok     fuzz/f106              mix      1.0s 465 elements 3102 cycles | cbuf_credit_stall 1782 csf_full_stall 0 csf_max 2 parser_no_credit 0
ok     fuzz/f106              tight    1.3s 465 elements 21037 cycles | cbuf_credit_stall 19180 csf_full_stall 0 csf_max 2 parser_no_credit 0
ok     fuzz/f107              fast     1.3s 27 elements 3486 cycles | cbuf_credit_stall 676 csf_full_stall 0 csf_max 1 parser_no_credit 0
ok     fuzz/f107              slow     1.7s 27 elements 11402 cycles | cbuf_credit_stall 8489 csf_full_stall 0 csf_max 1 parser_no_credit 0
ok     fuzz/f107              mix      1.6s 27 elements 5969 cycles | cbuf_credit_stall 3134 csf_full_stall 0 csf_max 1 parser_no_credit 0
ok     fuzz/f107              tight    2.8s 27 elements 37953 cycles | cbuf_credit_stall 34878 csf_full_stall 0 csf_max 1 parser_no_credit 0
ok     fuzz/f108              fast     0.8s 491 elements 2090 cycles | cbuf_credit_stall 522 csf_full_stall 0 csf_max 1 parser_no_credit 0
ok     fuzz/f108              slow     1.0s 491 elements 7646 cycles | cbuf_credit_stall 5936 csf_full_stall 0 csf_max 1 parser_no_credit 5
ok     fuzz/f108              mix      0.8s 491 elements 3627 cycles | cbuf_credit_stall 2027 csf_full_stall 0 csf_max 1 parser_no_credit 0
ok     fuzz/f108              tight    1.6s 491 elements 24649 cycles | cbuf_credit_stall 22608 csf_full_stall 0 csf_max 1 parser_no_credit 1
ok     fuzz/f109              fast     0.3s 159 elements 595 cycles | cbuf_credit_stall 141 csf_full_stall 0 csf_max 2 parser_no_credit 0
ok     fuzz/f109              slow     0.4s 159 elements 2246 cycles | cbuf_credit_stall 1582 csf_full_stall 0 csf_max 2 parser_no_credit 38
ok     fuzz/f109              mix      0.3s 159 elements 1143 cycles | cbuf_credit_stall 623 csf_full_stall 0 csf_max 2 parser_no_credit 0
ok     fuzz/f109              tight    0.5s 159 elements 7122 cycles | cbuf_credit_stall 5863 csf_full_stall 0 csf_max 2 parser_no_credit 171
ok     fuzz/f110              fast     0.7s 386 elements 1473 cycles | cbuf_credit_stall 370 csf_full_stall 0 csf_max 2 parser_no_credit 0
ok     fuzz/f110              slow     0.8s 386 elements 5471 cycles | cbuf_credit_stall 4243 csf_full_stall 0 csf_max 2 parser_no_credit 0
ok     fuzz/f110              mix      0.7s 386 elements 2683 cycles | cbuf_credit_stall 1538 csf_full_stall 0 csf_max 2 parser_no_credit 0
ok     fuzz/f110              tight    1.2s 386 elements 17828 cycles | cbuf_credit_stall 16285 csf_full_stall 0 csf_max 1 parser_no_credit 53
ok     fuzz/f111              fast     0.6s 314 elements 1173 cycles | cbuf_credit_stall 300 csf_full_stall 0 csf_max 1 parser_no_credit 0
ok     fuzz/f111              slow     0.7s 314 elements 4498 cycles | cbuf_credit_stall 3486 csf_full_stall 0 csf_max 1 parser_no_credit 114
ok     fuzz/f111              mix      0.6s 314 elements 2152 cycles | cbuf_credit_stall 1256 csf_full_stall 0 csf_max 1 parser_no_credit 0
ok     fuzz/f111              tight    1.0s 314 elements 14480 cycles | cbuf_credit_stall 13135 csf_full_stall 0 csf_max 1 parser_no_credit 259
ok     fuzz/f112              fast     1.2s 696 elements 2976 cycles | cbuf_credit_stall 767 csf_full_stall 0 csf_max 2 parser_no_credit 0
ok     fuzz/f112              slow     1.4s 696 elements 10760 cycles | cbuf_credit_stall 8403 csf_full_stall 0 csf_max 2 parser_no_credit 168
ok     fuzz/f112              mix      1.3s 696 elements 5278 cycles | cbuf_credit_stall 3034 csf_full_stall 0 csf_max 2 parser_no_credit 14
ok     fuzz/f112              tight    2.4s 696 elements 35891 cycles | cbuf_credit_stall 33027 csf_full_stall 0 csf_max 2 parser_no_credit 795
ok     fuzz/f113              fast     0.3s 153 elements 466 cycles | cbuf_credit_stall 111 csf_full_stall 0 csf_max 1 parser_no_credit 0
ok     fuzz/f113              slow     0.4s 153 elements 1647 cycles | cbuf_credit_stall 1106 csf_full_stall 0 csf_max 1 parser_no_credit 0
ok     fuzz/f113              mix      0.3s 153 elements 833 cycles | cbuf_credit_stall 457 csf_full_stall 0 csf_max 1 parser_no_credit 0
ok     fuzz/f113              tight    0.5s 153 elements 5210 cycles | cbuf_credit_stall 4319 csf_full_stall 0 csf_max 1 parser_no_credit 0
ok     fuzz/f114              fast     0.2s 19 elements 35 cycles | cbuf_credit_stall 0 csf_full_stall 4 csf_max 4 parser_no_credit 0
ok     fuzz/f114              slow     0.2s 19 elements 98 cycles | cbuf_credit_stall 0 csf_full_stall 2 csf_max 4 parser_no_credit 0
ok     fuzz/f114              mix      0.2s 19 elements 41 cycles | cbuf_credit_stall 0 csf_full_stall 4 csf_max 4 parser_no_credit 0
ok     fuzz/f114              tight    0.2s 19 elements 214 cycles | cbuf_credit_stall 0 csf_full_stall 4 csf_max 4 parser_no_credit 0
ok     fuzz/f115              fast     0.4s 152 elements 617 cycles | cbuf_credit_stall 146 csf_full_stall 0 csf_max 2 parser_no_credit 0
ok     fuzz/f115              slow     0.4s 152 elements 2256 cycles | cbuf_credit_stall 1695 csf_full_stall 0 csf_max 2 parser_no_credit 22
ok     fuzz/f115              mix      0.4s 152 elements 1168 cycles | cbuf_credit_stall 658 csf_full_stall 0 csf_max 2 parser_no_credit 0
ok     fuzz/f115              tight    0.5s 152 elements 7159 cycles | cbuf_credit_stall 6320 csf_full_stall 0 csf_max 2 parser_no_credit 70
ok     fuzz/f116              fast     1.4s 814 elements 4182 cycles | cbuf_credit_stall 1056 csf_full_stall 0 csf_max 3 parser_no_credit 0
ok     fuzz/f116              slow     1.7s 814 elements 14785 cycles | cbuf_credit_stall 11541 csf_full_stall 0 csf_max 2 parser_no_credit 13
ok     fuzz/f116              mix      1.5s 814 elements 7339 cycles | cbuf_credit_stall 4174 csf_full_stall 0 csf_max 2 parser_no_credit 0
ok     fuzz/f116              tight    2.6s 814 elements 49624 cycles | cbuf_credit_stall 46149 csf_full_stall 0 csf_max 2 parser_no_credit 21
ok     fuzz/f117              fast     0.2s 10 elements 18 cycles | cbuf_credit_stall 0 csf_full_stall 0 csf_max 2 parser_no_credit 0
ok     fuzz/f117              slow     0.2s 10 elements 56 cycles | cbuf_credit_stall 0 csf_full_stall 0 csf_max 2 parser_no_credit 0
ok     fuzz/f117              mix      0.2s 10 elements 19 cycles | cbuf_credit_stall 0 csf_full_stall 0 csf_max 2 parser_no_credit 0
ok     fuzz/f117              tight    0.2s 10 elements 164 cycles | cbuf_credit_stall 0 csf_full_stall 0 csf_max 2 parser_no_credit 0
ok     fuzz/f118              fast     0.9s 636 elements 2475 cycles | cbuf_credit_stall 649 csf_full_stall 0 csf_max 3 parser_no_credit 0
ok     fuzz/f118              slow     1.1s 636 elements 9137 cycles | cbuf_credit_stall 7129 csf_full_stall 0 csf_max 2 parser_no_credit 0
ok     fuzz/f118              mix      0.9s 636 elements 4353 cycles | cbuf_credit_stall 2486 csf_full_stall 0 csf_max 3 parser_no_credit 0
ok     fuzz/f118              tight    1.6s 636 elements 29999 cycles | cbuf_credit_stall 27752 csf_full_stall 0 csf_max 1 parser_no_credit 0
ok     fuzz/f119              fast     0.6s 454 elements 1546 cycles | cbuf_credit_stall 407 csf_full_stall 0 csf_max 2 parser_no_credit 0
ok     fuzz/f119              slow     0.7s 454 elements 5625 cycles | cbuf_credit_stall 4348 csf_full_stall 0 csf_max 2 parser_no_credit 89
ok     fuzz/f119              mix      0.6s 454 elements 2763 cycles | cbuf_credit_stall 1589 csf_full_stall 0 csf_max 2 parser_no_credit 5
ok     fuzz/f119              tight    0.9s 454 elements 18587 cycles | cbuf_credit_stall 16707 csf_full_stall 0 csf_max 2 parser_no_credit 391
ok     fuzz/f120              fast     0.6s 280 elements 1621 cycles | cbuf_credit_stall 370 csf_full_stall 0 csf_max 3 parser_no_credit 0
ok     fuzz/f120              slow     0.7s 280 elements 5665 cycles | cbuf_credit_stall 4290 csf_full_stall 0 csf_max 3 parser_no_credit 0
ok     fuzz/f120              mix      0.6s 280 elements 2840 cycles | cbuf_credit_stall 1567 csf_full_stall 0 csf_max 3 parser_no_credit 0
ok     fuzz/f120              tight    1.1s 280 elements 18776 cycles | cbuf_credit_stall 16986 csf_full_stall 0 csf_max 3 parser_no_credit 0
ok     fuzz/f121              fast     0.2s 4 elements 10 cycles | cbuf_credit_stall 0 csf_full_stall 0 csf_max 1 parser_no_credit 0
ok     fuzz/f121              slow     0.2s 4 elements 20 cycles | cbuf_credit_stall 0 csf_full_stall 0 csf_max 1 parser_no_credit 0
ok     fuzz/f121              mix      0.2s 4 elements 14 cycles | cbuf_credit_stall 0 csf_full_stall 0 csf_max 1 parser_no_credit 0
ok     fuzz/f121              tight    0.2s 4 elements 72 cycles | cbuf_credit_stall 0 csf_full_stall 0 csf_max 1 parser_no_credit 0
ok     fuzz/f122              fast     0.6s 318 elements 1520 cycles | cbuf_credit_stall 370 csf_full_stall 0 csf_max 3 parser_no_credit 0
ok     fuzz/f122              slow     0.7s 318 elements 5512 cycles | cbuf_credit_stall 4246 csf_full_stall 0 csf_max 3 parser_no_credit 0
ok     fuzz/f122              mix      0.6s 318 elements 2718 cycles | cbuf_credit_stall 1541 csf_full_stall 0 csf_max 3 parser_no_credit 0
ok     fuzz/f122              tight    1.0s 318 elements 18113 cycles | cbuf_credit_stall 16426 csf_full_stall 0 csf_max 3 parser_no_credit 100
ok     fuzz/f123              fast     0.2s 2 elements 13 cycles | cbuf_credit_stall 0 csf_full_stall 0 csf_max 1 parser_no_credit 0
ok     fuzz/f123              slow     0.2s 2 elements 36 cycles | cbuf_credit_stall 0 csf_full_stall 0 csf_max 1 parser_no_credit 0
ok     fuzz/f123              mix      0.2s 2 elements 16 cycles | cbuf_credit_stall 0 csf_full_stall 0 csf_max 1 parser_no_credit 0
ok     fuzz/f123              tight    0.2s 2 elements 87 cycles | cbuf_credit_stall 0 csf_full_stall 0 csf_max 1 parser_no_credit 0
ok     fuzz/f124              fast     0.2s 24 elements 43 cycles | cbuf_credit_stall 0 csf_full_stall 10 csf_max 4 parser_no_credit 0
ok     fuzz/f124              slow     0.2s 24 elements 123 cycles | cbuf_credit_stall 0 csf_full_stall 8 csf_max 4 parser_no_credit 0
ok     fuzz/f124              mix      0.2s 24 elements 48 cycles | cbuf_credit_stall 0 csf_full_stall 10 csf_max 4 parser_no_credit 0
ok     fuzz/f124              tight    0.2s 24 elements 249 cycles | cbuf_credit_stall 0 csf_full_stall 10 csf_max 4 parser_no_credit 0
ok     fuzz/f125              fast     0.2s 98 elements 369 cycles | cbuf_credit_stall 85 csf_full_stall 0 csf_max 2 parser_no_credit 0
ok     fuzz/f125              slow     0.2s 98 elements 1239 cycles | cbuf_credit_stall 872 csf_full_stall 0 csf_max 2 parser_no_credit 0
ok     fuzz/f125              mix      0.2s 98 elements 643 cycles | cbuf_credit_stall 319 csf_full_stall 0 csf_max 2 parser_no_credit 0
ok     fuzz/f125              tight    0.3s 98 elements 4083 cycles | cbuf_credit_stall 3420 csf_full_stall 0 csf_max 2 parser_no_credit 0
ok     fuzz/f126              fast     0.5s 256 elements 1123 cycles | cbuf_credit_stall 250 csf_full_stall 0 csf_max 3 parser_no_credit 0
ok     fuzz/f126              slow     0.6s 256 elements 4245 cycles | cbuf_credit_stall 3249 csf_full_stall 0 csf_max 2 parser_no_credit 35
ok     fuzz/f126              mix      0.5s 256 elements 2087 cycles | cbuf_credit_stall 1185 csf_full_stall 0 csf_max 2 parser_no_credit 2
ok     fuzz/f126              tight    0.8s 256 elements 13397 cycles | cbuf_credit_stall 12013 csf_full_stall 0 csf_max 2 parser_no_credit 72
ok     fuzz/f127              fast     0.3s 168 elements 577 cycles | cbuf_credit_stall 136 csf_full_stall 0 csf_max 1 parser_no_credit 0
ok     fuzz/f127              slow     0.3s 168 elements 2190 cycles | cbuf_credit_stall 1577 csf_full_stall 0 csf_max 1 parser_no_credit 0
ok     fuzz/f127              mix      0.3s 168 elements 1097 cycles | cbuf_credit_stall 598 csf_full_stall 0 csf_max 1 parser_no_credit 0
ok     fuzz/f127              tight    0.5s 168 elements 6828 cycles | cbuf_credit_stall 5837 csf_full_stall 0 csf_max 1 parser_no_credit 0
ok     fuzz/f128              fast     0.2s 45 elements 135 cycles | cbuf_credit_stall 17 csf_full_stall 0 csf_max 2 parser_no_credit 0
ok     fuzz/f128              slow     0.2s 45 elements 500 cycles | cbuf_credit_stall 262 csf_full_stall 0 csf_max 1 parser_no_credit 0
ok     fuzz/f128              mix      0.2s 45 elements 234 cycles | cbuf_credit_stall 80 csf_full_stall 0 csf_max 2 parser_no_credit 0
ok     fuzz/f128              tight    0.2s 45 elements 1621 cycles | cbuf_credit_stall 1066 csf_full_stall 0 csf_max 1 parser_no_credit 0
ok     fuzz/f129              fast     1.1s 1009 elements 3587 cycles | cbuf_credit_stall 976 csf_full_stall 0 csf_max 2 parser_no_credit 0
ok     fuzz/f129              slow     1.3s 1009 elements 13143 cycles | cbuf_credit_stall 10403 csf_full_stall 0 csf_max 2 parser_no_credit 451
ok     fuzz/f129              mix      1.1s 1009 elements 6433 cycles | cbuf_credit_stall 3797 csf_full_stall 0 csf_max 2 parser_no_credit 70
ok     fuzz/f129              tight    2.1s 1009 elements 43893 cycles | cbuf_credit_stall 40847 csf_full_stall 0 csf_max 1 parser_no_credit 2156
ok     fuzz/f130              fast     0.7s 492 elements 1975 cycles | cbuf_credit_stall 509 csf_full_stall 0 csf_max 2 parser_no_credit 0
ok     fuzz/f130              slow     0.8s 492 elements 7323 cycles | cbuf_credit_stall 5684 csf_full_stall 0 csf_max 2 parser_no_credit 47
ok     fuzz/f130              mix      0.7s 492 elements 3472 cycles | cbuf_credit_stall 1962 csf_full_stall 0 csf_max 2 parser_no_credit 0
ok     fuzz/f130              tight    1.2s 492 elements 23756 cycles | cbuf_credit_stall 22000 csf_full_stall 0 csf_max 1 parser_no_credit 221
ok     fuzz/f131              fast     0.4s 188 elements 1201 cycles | cbuf_credit_stall 274 csf_full_stall 0 csf_max 2 parser_no_credit 0
ok     fuzz/f131              slow     0.5s 188 elements 4244 cycles | cbuf_credit_stall 3233 csf_full_stall 0 csf_max 2 parser_no_credit 0
ok     fuzz/f131              mix      0.5s 188 elements 2126 cycles | cbuf_credit_stall 1176 csf_full_stall 0 csf_max 2 parser_no_credit 0
ok     fuzz/f131              tight    0.8s 188 elements 13381 cycles | cbuf_credit_stall 12197 csf_full_stall 0 csf_max 2 parser_no_credit 101
ok     fuzz/f132              fast     1.3s 35 elements 3941 cycles | cbuf_credit_stall 770 csf_full_stall 0 csf_max 2 parser_no_credit 0
ok     fuzz/f132              slow     1.5s 35 elements 12865 cycles | cbuf_credit_stall 9492 csf_full_stall 0 csf_max 2 parser_no_credit 0
ok     fuzz/f132              mix      1.3s 35 elements 6681 cycles | cbuf_credit_stall 3475 csf_full_stall 0 csf_max 2 parser_no_credit 0
ok     fuzz/f132              tight    2.2s 35 elements 43014 cycles | cbuf_credit_stall 39026 csf_full_stall 0 csf_max 1 parser_no_credit 0
ok     fuzz/f133              fast     0.4s 175 elements 1090 cycles | cbuf_credit_stall 230 csf_full_stall 0 csf_max 2 parser_no_credit 0
ok     fuzz/f133              slow     0.5s 175 elements 4011 cycles | cbuf_credit_stall 3021 csf_full_stall 0 csf_max 2 parser_no_credit 0
ok     fuzz/f133              mix      0.4s 175 elements 1974 cycles | cbuf_credit_stall 1093 csf_full_stall 0 csf_max 2 parser_no_credit 0
ok     fuzz/f133              tight    0.8s 175 elements 12451 cycles | cbuf_credit_stall 11106 csf_full_stall 0 csf_max 1 parser_no_credit 0
ok     fuzz/f134              fast     0.2s 34 elements 54 cycles | cbuf_credit_stall 0 csf_full_stall 15 csf_max 4 parser_no_credit 0
ok     fuzz/f134              slow     0.2s 34 elements 156 cycles | cbuf_credit_stall 0 csf_full_stall 9 csf_max 4 parser_no_credit 0
ok     fuzz/f134              mix      0.2s 34 elements 62 cycles | cbuf_credit_stall 0 csf_full_stall 15 csf_max 4 parser_no_credit 0
ok     fuzz/f134              tight    0.2s 34 elements 388 cycles | cbuf_credit_stall 0 csf_full_stall 15 csf_max 4 parser_no_credit 0
ok     fuzz/f135              fast     0.6s 436 elements 1816 cycles | cbuf_credit_stall 464 csf_full_stall 0 csf_max 2 parser_no_credit 0
ok     fuzz/f135              slow     0.8s 436 elements 6795 cycles | cbuf_credit_stall 5313 csf_full_stall 0 csf_max 1 parser_no_credit 20
ok     fuzz/f135              mix      0.7s 436 elements 3219 cycles | cbuf_credit_stall 1841 csf_full_stall 0 csf_max 2 parser_no_credit 0
ok     fuzz/f135              tight    1.3s 436 elements 22202 cycles | cbuf_credit_stall 20412 csf_full_stall 0 csf_max 1 parser_no_credit 75
ok     fuzz/f136              fast     0.4s 230 elements 828 cycles | cbuf_credit_stall 200 csf_full_stall 12 csf_max 4 parser_no_credit 0
ok     fuzz/f136              slow     0.4s 230 elements 3193 cycles | cbuf_credit_stall 2455 csf_full_stall 0 csf_max 2 parser_no_credit 86
ok     fuzz/f136              mix      0.4s 230 elements 1571 cycles | cbuf_credit_stall 901 csf_full_stall 0 csf_max 3 parser_no_credit 4
ok     fuzz/f136              tight    0.6s 230 elements 9934 cycles | cbuf_credit_stall 8982 csf_full_stall 0 csf_max 2 parser_no_credit 523
ok     fuzz/f137              fast     0.2s 2 elements 8 cycles | cbuf_credit_stall 0 csf_full_stall 0 csf_max 1 parser_no_credit 0
ok     fuzz/f137              slow     0.2s 2 elements 12 cycles | cbuf_credit_stall 0 csf_full_stall 0 csf_max 1 parser_no_credit 0
ok     fuzz/f137              mix      0.2s 2 elements 9 cycles | cbuf_credit_stall 0 csf_full_stall 0 csf_max 1 parser_no_credit 0
ok     fuzz/f137              tight    0.2s 2 elements 46 cycles | cbuf_credit_stall 0 csf_full_stall 0 csf_max 1 parser_no_credit 0
ok     fuzz/f138              fast     0.3s 167 elements 798 cycles | cbuf_credit_stall 176 csf_full_stall 0 csf_max 2 parser_no_credit 0
ok     fuzz/f138              slow     0.3s 167 elements 2974 cycles | cbuf_credit_stall 2200 csf_full_stall 0 csf_max 2 parser_no_credit 0
ok     fuzz/f138              mix      0.3s 167 elements 1473 cycles | cbuf_credit_stall 827 csf_full_stall 0 csf_max 2 parser_no_credit 0
ok     fuzz/f138              tight    0.5s 167 elements 9221 cycles | cbuf_credit_stall 8191 csf_full_stall 0 csf_max 2 parser_no_credit 0
ok     fuzz/f139              fast     0.6s 386 elements 2096 cycles | cbuf_credit_stall 508 csf_full_stall 0 csf_max 1 parser_no_credit 0
ok     fuzz/f139              slow     0.7s 386 elements 7536 cycles | cbuf_credit_stall 5804 csf_full_stall 0 csf_max 1 parser_no_credit 0
ok     fuzz/f139              mix      0.6s 386 elements 3618 cycles | cbuf_credit_stall 2012 csf_full_stall 0 csf_max 1 parser_no_credit 0
ok     fuzz/f139              tight    1.0s 386 elements 24287 cycles | cbuf_credit_stall 22364 csf_full_stall 0 csf_max 1 parser_no_credit 0
ok     fuzz/f140              fast     0.1s 1 elements 7 cycles | cbuf_credit_stall 0 csf_full_stall 0 csf_max 1 parser_no_credit 0
ok     fuzz/f140              slow     0.1s 1 elements 10 cycles | cbuf_credit_stall 0 csf_full_stall 0 csf_max 1 parser_no_credit 0
ok     fuzz/f140              mix      0.2s 1 elements 8 cycles | cbuf_credit_stall 0 csf_full_stall 0 csf_max 1 parser_no_credit 0
ok     fuzz/f140              tight    0.1s 1 elements 27 cycles | cbuf_credit_stall 0 csf_full_stall 0 csf_max 1 parser_no_credit 0
ok     fuzz/f141              fast     0.8s 689 elements 3181 cycles | cbuf_credit_stall 801 csf_full_stall 0 csf_max 2 parser_no_credit 0
ok     fuzz/f141              slow     1.0s 689 elements 11359 cycles | cbuf_credit_stall 8860 csf_full_stall 0 csf_max 2 parser_no_credit 64
ok     fuzz/f141              mix      0.8s 689 elements 5618 cycles | cbuf_credit_stall 3200 csf_full_stall 0 csf_max 2 parser_no_credit 1
ok     fuzz/f141              tight    1.6s 689 elements 37767 cycles | cbuf_credit_stall 35059 csf_full_stall 0 csf_max 1 parser_no_credit 297
ok     fuzz/f142              fast     0.8s 645 elements 2786 cycles | cbuf_credit_stall 708 csf_full_stall 0 csf_max 2 parser_no_credit 0
ok     fuzz/f142              slow     0.9s 645 elements 10003 cycles | cbuf_credit_stall 7765 csf_full_stall 0 csf_max 1 parser_no_credit 142
ok     fuzz/f142              mix      0.8s 645 elements 4895 cycles | cbuf_credit_stall 2764 csf_full_stall 0 csf_max 2 parser_no_credit 1
ok     fuzz/f142              tight    1.5s 645 elements 33173 cycles | cbuf_credit_stall 30557 csf_full_stall 0 csf_max 1 parser_no_credit 392
ok     fuzz/f143              fast     0.3s 160 elements 616 cycles | cbuf_credit_stall 145 csf_full_stall 0 csf_max 2 parser_no_credit 0
ok     fuzz/f143              slow     0.3s 160 elements 2270 cycles | cbuf_credit_stall 1716 csf_full_stall 0 csf_max 1 parser_no_credit 0
ok     fuzz/f143              mix      0.3s 160 elements 1166 cycles | cbuf_credit_stall 654 csf_full_stall 0 csf_max 2 parser_no_credit 0
ok     fuzz/f143              tight    0.4s 160 elements 7216 cycles | cbuf_credit_stall 6377 csf_full_stall 0 csf_max 1 parser_no_credit 0
ok     fuzz/f144              fast     0.2s 27 elements 44 cycles | cbuf_credit_stall 0 csf_full_stall 13 csf_max 4 parser_no_credit 0
ok     fuzz/f144              slow     0.1s 27 elements 131 cycles | cbuf_credit_stall 0 csf_full_stall 11 csf_max 4 parser_no_credit 0
ok     fuzz/f144              mix      0.2s 27 elements 48 cycles | cbuf_credit_stall 0 csf_full_stall 13 csf_max 4 parser_no_credit 0
ok     fuzz/f144              tight    0.2s 27 elements 290 cycles | cbuf_credit_stall 0 csf_full_stall 13 csf_max 4 parser_no_credit 0
ok     fuzz/f145              fast     0.6s 334 elements 1749 cycles | cbuf_credit_stall 403 csf_full_stall 0 csf_max 3 parser_no_credit 0
ok     fuzz/f145              slow     0.7s 334 elements 6487 cycles | cbuf_credit_stall 5020 csf_full_stall 0 csf_max 2 parser_no_credit 153
ok     fuzz/f145              mix      0.6s 334 elements 3117 cycles | cbuf_credit_stall 1760 csf_full_stall 0 csf_max 2 parser_no_credit 17
ok     fuzz/f145              tight    1.0s 334 elements 21232 cycles | cbuf_credit_stall 19501 csf_full_stall 0 csf_max 1 parser_no_credit 932
ok     fuzz/f146              fast     0.4s 121 elements 1157 cycles | cbuf_credit_stall 236 csf_full_stall 0 csf_max 2 parser_no_credit 0
ok     fuzz/f146              slow     0.5s 121 elements 4090 cycles | cbuf_credit_stall 3084 csf_full_stall 0 csf_max 2 parser_no_credit 0
ok     fuzz/f146              mix      0.4s 121 elements 2050 cycles | cbuf_credit_stall 1089 csf_full_stall 0 csf_max 2 parser_no_credit 0
ok     fuzz/f146              tight    0.7s 121 elements 12792 cycles | cbuf_credit_stall 11357 csf_full_stall 0 csf_max 2 parser_no_credit 0
ok     fuzz/f147              fast     1.0s 547 elements 3240 cycles | cbuf_credit_stall 782 csf_full_stall 0 csf_max 3 parser_no_credit 0
ok     fuzz/f147              slow     1.1s 547 elements 11369 cycles | cbuf_credit_stall 8750 csf_full_stall 0 csf_max 2 parser_no_credit 24
ok     fuzz/f147              mix      0.9s 547 elements 5709 cycles | cbuf_credit_stall 3190 csf_full_stall 0 csf_max 2 parser_no_credit 3
ok     fuzz/f147              tight    1.8s 547 elements 37827 cycles | cbuf_credit_stall 34918 csf_full_stall 0 csf_max 1 parser_no_credit 135
ok     fuzz/f148              fast     0.7s 615 elements 2457 cycles | cbuf_credit_stall 632 csf_full_stall 0 csf_max 2 parser_no_credit 0
ok     fuzz/f148              slow     0.9s 615 elements 8940 cycles | cbuf_credit_stall 6994 csf_full_stall 0 csf_max 2 parser_no_credit 0
ok     fuzz/f148              mix      0.8s 615 elements 4277 cycles | cbuf_credit_stall 2425 csf_full_stall 0 csf_max 2 parser_no_credit 0
ok     fuzz/f148              tight    1.8s 615 elements 29521 cycles | cbuf_credit_stall 27340 csf_full_stall 0 csf_max 1 parser_no_credit 26
ok     fuzz/f149              fast     0.2s 1 elements 7 cycles | cbuf_credit_stall 0 csf_full_stall 0 csf_max 1 parser_no_credit 0
ok     fuzz/f149              slow     0.2s 1 elements 10 cycles | cbuf_credit_stall 0 csf_full_stall 0 csf_max 1 parser_no_credit 0
ok     fuzz/f149              mix      0.2s 1 elements 8 cycles | cbuf_credit_stall 0 csf_full_stall 0 csf_max 1 parser_no_credit 0
ok     fuzz/f149              tight    0.2s 1 elements 27 cycles | cbuf_credit_stall 0 csf_full_stall 0 csf_max 1 parser_no_credit 0
ok     fuzz/f150              fast     0.4s 95 elements 628 cycles | cbuf_credit_stall 130 csf_full_stall 0 csf_max 2 parser_no_credit 0
ok     fuzz/f150              slow     0.4s 95 elements 2246 cycles | cbuf_credit_stall 1635 csf_full_stall 0 csf_max 1 parser_no_credit 0
ok     fuzz/f150              mix      0.3s 95 elements 1171 cycles | cbuf_credit_stall 628 csf_full_stall 0 csf_max 1 parser_no_credit 0
ok     fuzz/f150              tight    0.5s 95 elements 7122 cycles | cbuf_credit_stall 6125 csf_full_stall 0 csf_max 1 parser_no_credit 0
ok     fuzz/f151              fast     1.1s 850 elements 3100 cycles | cbuf_credit_stall 851 csf_full_stall 0 csf_max 2 parser_no_credit 0
ok     fuzz/f151              slow     1.3s 850 elements 11203 cycles | cbuf_credit_stall 8806 csf_full_stall 0 csf_max 2 parser_no_credit 223
ok     fuzz/f151              mix      1.2s 850 elements 5508 cycles | cbuf_credit_stall 3224 csf_full_stall 0 csf_max 2 parser_no_credit 25
ok     fuzz/f151              tight    2.1s 850 elements 37350 cycles | cbuf_credit_stall 34770 csf_full_stall 0 csf_max 1 parser_no_credit 570
ok     fuzz/f152              fast     0.3s 182 elements 634 cycles | cbuf_credit_stall 146 csf_full_stall 0 csf_max 3 parser_no_credit 0
ok     fuzz/f152              slow     0.4s 182 elements 2422 cycles | cbuf_credit_stall 1771 csf_full_stall 0 csf_max 2 parser_no_credit 169
ok     fuzz/f152              mix      0.3s 182 elements 1226 cycles | cbuf_credit_stall 704 csf_full_stall 0 csf_max 2 parser_no_credit 25
ok     fuzz/f152              tight    0.5s 182 elements 7717 cycles | cbuf_credit_stall 6699 csf_full_stall 0 csf_max 1 parser_no_credit 629
ok     fuzz/f153              fast     0.8s 384 elements 2216 cycles | cbuf_credit_stall 507 csf_full_stall 0 csf_max 3 parser_no_credit 0
ok     fuzz/f153              slow     1.0s 384 elements 7965 cycles | cbuf_credit_stall 6157 csf_full_stall 0 csf_max 2 parser_no_credit 0
ok     fuzz/f153              mix      0.9s 384 elements 3849 cycles | cbuf_credit_stall 2126 csf_full_stall 0 csf_max 3 parser_no_credit 0
ok     fuzz/f153              tight    1.5s 384 elements 25866 cycles | cbuf_credit_stall 23811 csf_full_stall 0 csf_max 3 parser_no_credit 0
ok     fuzz/f154              fast     0.2s 21 elements 35 cycles | cbuf_credit_stall 0 csf_full_stall 6 csf_max 4 parser_no_credit 0
ok     fuzz/f154              slow     0.2s 21 elements 113 cycles | cbuf_credit_stall 0 csf_full_stall 4 csf_max 4 parser_no_credit 0
ok     fuzz/f154              mix      0.2s 21 elements 41 cycles | cbuf_credit_stall 0 csf_full_stall 6 csf_max 4 parser_no_credit 0
ok     fuzz/f154              tight    0.2s 21 elements 221 cycles | cbuf_credit_stall 0 csf_full_stall 6 csf_max 4 parser_no_credit 0
ok     fuzz/f155              fast     0.8s 613 elements 2360 cycles | cbuf_credit_stall 597 csf_full_stall 0 csf_max 2 parser_no_credit 0
ok     fuzz/f155              slow     1.0s 613 elements 8792 cycles | cbuf_credit_stall 6870 csf_full_stall 0 csf_max 1 parser_no_credit 27
ok     fuzz/f155              mix      0.8s 613 elements 4164 cycles | cbuf_credit_stall 2382 csf_full_stall 0 csf_max 2 parser_no_credit 0
ok     fuzz/f155              tight    1.4s 613 elements 29095 cycles | cbuf_credit_stall 26829 csf_full_stall 0 csf_max 1 parser_no_credit 68
ok     fuzz/f156              fast     0.5s 332 elements 1527 cycles | cbuf_credit_stall 355 csf_full_stall 0 csf_max 2 parser_no_credit 0
ok     fuzz/f156              slow     0.6s 332 elements 5547 cycles | cbuf_credit_stall 4267 csf_full_stall 0 csf_max 2 parser_no_credit 38
ok     fuzz/f156              mix      0.6s 332 elements 2778 cycles | cbuf_credit_stall 1569 csf_full_stall 0 csf_max 2 parser_no_credit 8
ok     fuzz/f156              tight    0.9s 332 elements 18265 cycles | cbuf_credit_stall 16540 csf_full_stall 0 csf_max 1 parser_no_credit 132
ok     fuzz/f157              fast     1.2s 92 elements 4020 cycles | cbuf_credit_stall 798 csf_full_stall 0 csf_max 2 parser_no_credit 0
ok     fuzz/f157              slow     1.3s 92 elements 13230 cycles | cbuf_credit_stall 9805 csf_full_stall 0 csf_max 2 parser_no_credit 28
ok     fuzz/f157              mix      1.3s 92 elements 6851 cycles | cbuf_credit_stall 3566 csf_full_stall 0 csf_max 2 parser_no_credit 0
ok     fuzz/f157              tight    1.8s 92 elements 44151 cycles | cbuf_credit_stall 40289 csf_full_stall 0 csf_max 1 parser_no_credit 281
ok     fuzz/f158              fast     0.7s 470 elements 1955 cycles | cbuf_credit_stall 512 csf_full_stall 0 csf_max 3 parser_no_credit 0
ok     fuzz/f158              slow     0.6s 470 elements 7361 cycles | cbuf_credit_stall 5792 csf_full_stall 0 csf_max 2 parser_no_credit 51
ok     fuzz/f158              mix      0.5s 470 elements 3474 cycles | cbuf_credit_stall 1996 csf_full_stall 0 csf_max 2 parser_no_credit 0
ok     fuzz/f158              tight    0.9s 470 elements 23875 cycles | cbuf_credit_stall 22193 csf_full_stall 0 csf_max 2 parser_no_credit 24
ok     fuzz/f159              fast     0.2s 260 elements 673 cycles | cbuf_credit_stall 189 csf_full_stall 0 csf_max 2 parser_no_credit 0
ok     fuzz/f159              slow     0.3s 260 elements 2565 cycles | cbuf_credit_stall 1925 csf_full_stall 0 csf_max 2 parser_no_credit 18
ok     fuzz/f159              mix      0.2s 260 elements 1273 cycles | cbuf_credit_stall 749 csf_full_stall 0 csf_max 2 parser_no_credit 0
ok     fuzz/f159              tight    0.4s 260 elements 8159 cycles | cbuf_credit_stall 7058 csf_full_stall 0 csf_max 2 parser_no_credit 181
ok     fuzz/f160              fast     0.2s 77 elements 623 cycles | cbuf_credit_stall 124 csf_full_stall 0 csf_max 1 parser_no_credit 0
ok     fuzz/f160              slow     0.3s 77 elements 2195 cycles | cbuf_credit_stall 1594 csf_full_stall 0 csf_max 1 parser_no_credit 0
ok     fuzz/f160              mix      0.2s 77 elements 1156 cycles | cbuf_credit_stall 608 csf_full_stall 0 csf_max 1 parser_no_credit 0
ok     fuzz/f160              tight    0.4s 77 elements 6869 cycles | cbuf_credit_stall 6020 csf_full_stall 0 csf_max 1 parser_no_credit 0
ok     fuzz/f161              fast     0.3s 222 elements 648 cycles | cbuf_credit_stall 158 csf_full_stall 5 csf_max 4 parser_no_credit 0
ok     fuzz/f161              slow     0.3s 222 elements 2430 cycles | cbuf_credit_stall 1729 csf_full_stall 0 csf_max 3 parser_no_credit 115
ok     fuzz/f161              mix      0.3s 222 elements 1205 cycles | cbuf_credit_stall 651 csf_full_stall 0 csf_max 3 parser_no_credit 11
ok     fuzz/f161              tight    0.4s 222 elements 7742 cycles | cbuf_credit_stall 6398 csf_full_stall 0 csf_max 2 parser_no_credit 521
ok     fuzz/f162              fast     0.2s 130 elements 282 cycles | cbuf_credit_stall 67 csf_full_stall 0 csf_max 1 parser_no_credit 0
ok     fuzz/f162              slow     0.2s 130 elements 1048 cycles | cbuf_credit_stall 687 csf_full_stall 0 csf_max 1 parser_no_credit 0
ok     fuzz/f162              mix      0.2s 130 elements 516 cycles | cbuf_credit_stall 281 csf_full_stall 0 csf_max 1 parser_no_credit 0
ok     fuzz/f162              tight    0.2s 130 elements 3365 cycles | cbuf_credit_stall 2728 csf_full_stall 0 csf_max 1 parser_no_credit 0
ok     fuzz/f163              fast     0.5s 336 elements 1439 cycles | cbuf_credit_stall 354 csf_full_stall 0 csf_max 2 parser_no_credit 0
ok     fuzz/f163              slow     0.5s 336 elements 5341 cycles | cbuf_credit_stall 4168 csf_full_stall 0 csf_max 2 parser_no_credit 187
ok     fuzz/f163              mix      0.4s 336 elements 2612 cycles | cbuf_credit_stall 1490 csf_full_stall 0 csf_max 2 parser_no_credit 16
ok     fuzz/f163              tight    0.7s 336 elements 17444 cycles | cbuf_credit_stall 15749 csf_full_stall 0 csf_max 2 parser_no_credit 681
ok     fuzz/f164              fast     0.1s 20 elements 34 cycles | cbuf_credit_stall 0 csf_full_stall 5 csf_max 4 parser_no_credit 0
ok     fuzz/f164              slow     0.2s 20 elements 111 cycles | cbuf_credit_stall 0 csf_full_stall 3 csf_max 4 parser_no_credit 0
ok     fuzz/f164              mix      0.2s 20 elements 41 cycles | cbuf_credit_stall 0 csf_full_stall 5 csf_max 4 parser_no_credit 0
ok     fuzz/f164              tight    0.1s 20 elements 218 cycles | cbuf_credit_stall 0 csf_full_stall 5 csf_max 4 parser_no_credit 0
ok     fuzz/f165              fast     0.1s 1 elements 7 cycles | cbuf_credit_stall 0 csf_full_stall 0 csf_max 1 parser_no_credit 0
ok     fuzz/f165              slow     0.2s 1 elements 10 cycles | cbuf_credit_stall 0 csf_full_stall 0 csf_max 1 parser_no_credit 0
ok     fuzz/f165              mix      0.1s 1 elements 8 cycles | cbuf_credit_stall 0 csf_full_stall 0 csf_max 1 parser_no_credit 0
ok     fuzz/f165              tight    0.2s 1 elements 27 cycles | cbuf_credit_stall 0 csf_full_stall 0 csf_max 1 parser_no_credit 0
ok     fuzz/f166              fast     0.3s 310 elements 1038 cycles | cbuf_credit_stall 281 csf_full_stall 0 csf_max 2 parser_no_credit 0
ok     fuzz/f166              slow     0.4s 310 elements 3970 cycles | cbuf_credit_stall 3036 csf_full_stall 0 csf_max 1 parser_no_credit 0
ok     fuzz/f166              mix      0.3s 310 elements 1892 cycles | cbuf_credit_stall 1104 csf_full_stall 0 csf_max 2 parser_no_credit 0
ok     fuzz/f166              tight    0.5s 310 elements 12194 cycles | cbuf_credit_stall 10874 csf_full_stall 0 csf_max 1 parser_no_credit 0
ok     fuzz/f167              fast     0.5s 410 elements 1634 cycles | cbuf_credit_stall 410 csf_full_stall 0 csf_max 2 parser_no_credit 0
ok     fuzz/f167              slow     0.6s 410 elements 5949 cycles | cbuf_credit_stall 4589 csf_full_stall 0 csf_max 1 parser_no_credit 0
ok     fuzz/f167              mix      0.5s 410 elements 2875 cycles | cbuf_credit_stall 1629 csf_full_stall 0 csf_max 1 parser_no_credit 0
ok     fuzz/f167              tight    0.9s 410 elements 19649 cycles | cbuf_credit_stall 17939 csf_full_stall 0 csf_max 1 parser_no_credit 15
ok     fuzz/f168              fast     0.3s 225 elements 710 cycles | cbuf_credit_stall 174 csf_full_stall 0 csf_max 2 parser_no_credit 0
ok     fuzz/f168              slow     0.3s 225 elements 2765 cycles | cbuf_credit_stall 1995 csf_full_stall 0 csf_max 2 parser_no_credit 2
ok     fuzz/f168              mix      0.3s 225 elements 1362 cycles | cbuf_credit_stall 771 csf_full_stall 0 csf_max 2 parser_no_credit 0
ok     fuzz/f168              tight    0.4s 225 elements 8741 cycles | cbuf_credit_stall 7560 csf_full_stall 0 csf_max 2 parser_no_credit 64
ok     fuzz/f169              fast     0.3s 124 elements 626 cycles | cbuf_credit_stall 128 csf_full_stall 0 csf_max 2 parser_no_credit 0
ok     fuzz/f169              slow     0.3s 124 elements 2279 cycles | cbuf_credit_stall 1603 csf_full_stall 0 csf_max 1 parser_no_credit 0
ok     fuzz/f169              mix      0.2s 124 elements 1177 cycles | cbuf_credit_stall 612 csf_full_stall 0 csf_max 1 parser_no_credit 0
ok     fuzz/f169              tight    0.4s 124 elements 7247 cycles | cbuf_credit_stall 6031 csf_full_stall 0 csf_max 1 parser_no_credit 0
ok     fuzz/f170              fast     0.6s 302 elements 2352 cycles | cbuf_credit_stall 530 csf_full_stall 0 csf_max 2 parser_no_credit 0
ok     fuzz/f170              slow     0.7s 302 elements 8203 cycles | cbuf_credit_stall 6307 csf_full_stall 0 csf_max 2 parser_no_credit 0
ok     fuzz/f170              mix      0.6s 302 elements 4011 cycles | cbuf_credit_stall 2162 csf_full_stall 0 csf_max 2 parser_no_credit 0
ok     fuzz/f170              tight    1.1s 302 elements 27038 cycles | cbuf_credit_stall 24795 csf_full_stall 0 csf_max 1 parser_no_credit 0
ok     fuzz/f171              fast     0.7s 517 elements 2592 cycles | cbuf_credit_stall 626 csf_full_stall 0 csf_max 3 parser_no_credit 0
ok     fuzz/f171              slow     0.8s 517 elements 9346 cycles | cbuf_credit_stall 7177 csf_full_stall 0 csf_max 2 parser_no_credit 0
ok     fuzz/f171              mix      0.7s 517 elements 4494 cycles | cbuf_credit_stall 2482 csf_full_stall 0 csf_max 2 parser_no_credit 0
ok     fuzz/f171              tight    1.2s 517 elements 30644 cycles | cbuf_credit_stall 28098 csf_full_stall 0 csf_max 2 parser_no_credit 64
ok     fuzz/f172              fast     0.2s 104 elements 623 cycles | cbuf_credit_stall 142 csf_full_stall 0 csf_max 3 parser_no_credit 0
ok     fuzz/f172              slow     0.3s 104 elements 2208 cycles | cbuf_credit_stall 1639 csf_full_stall 0 csf_max 3 parser_no_credit 0
ok     fuzz/f172              mix      0.2s 104 elements 1143 cycles | cbuf_credit_stall 621 csf_full_stall 0 csf_max 3 parser_no_credit 0
ok     fuzz/f172              tight    0.4s 104 elements 6962 cycles | cbuf_credit_stall 6111 csf_full_stall 0 csf_max 3 parser_no_credit 0
ok     fuzz/f173              fast     0.5s 424 elements 1833 cycles | cbuf_credit_stall 458 csf_full_stall 0 csf_max 2 parser_no_credit 0
ok     fuzz/f173              slow     0.6s 424 elements 6743 cycles | cbuf_credit_stall 5189 csf_full_stall 0 csf_max 1 parser_no_credit 0
ok     fuzz/f173              mix      0.5s 424 elements 3242 cycles | cbuf_credit_stall 1838 csf_full_stall 0 csf_max 1 parser_no_credit 0
ok     fuzz/f173              tight    1.0s 424 elements 22024 cycles | cbuf_credit_stall 20104 csf_full_stall 0 csf_max 1 parser_no_credit 0
ok     fuzz/f174              fast     0.1s 16 elements 28 cycles | cbuf_credit_stall 0 csf_full_stall 0 csf_max 3 parser_no_credit 0
ok     fuzz/f174              slow     0.2s 16 elements 87 cycles | cbuf_credit_stall 0 csf_full_stall 0 csf_max 3 parser_no_credit 0
ok     fuzz/f174              mix      0.2s 16 elements 38 cycles | cbuf_credit_stall 0 csf_full_stall 0 csf_max 3 parser_no_credit 0
ok     fuzz/f174              tight    0.1s 16 elements 208 cycles | cbuf_credit_stall 0 csf_full_stall 0 csf_max 3 parser_no_credit 0
ok     fuzz/f175              fast     0.7s 713 elements 2489 cycles | cbuf_credit_stall 658 csf_full_stall 0 csf_max 3 parser_no_credit 0
ok     fuzz/f175              slow     0.9s 713 elements 9284 cycles | cbuf_credit_stall 7237 csf_full_stall 0 csf_max 3 parser_no_credit 107
ok     fuzz/f175              mix      0.8s 713 elements 4373 cycles | cbuf_credit_stall 2479 csf_full_stall 0 csf_max 3 parser_no_credit 0
ok     fuzz/f175              tight    1.3s 713 elements 30422 cycles | cbuf_credit_stall 27939 csf_full_stall 0 csf_max 3 parser_no_credit 220
ok     fuzz/f176              fast     0.1s 1 elements 7 cycles | cbuf_credit_stall 0 csf_full_stall 0 csf_max 1 parser_no_credit 0
ok     fuzz/f176              slow     0.1s 1 elements 10 cycles | cbuf_credit_stall 0 csf_full_stall 0 csf_max 1 parser_no_credit 0
ok     fuzz/f176              mix      0.1s 1 elements 8 cycles | cbuf_credit_stall 0 csf_full_stall 0 csf_max 1 parser_no_credit 0
ok     fuzz/f176              tight    0.2s 1 elements 27 cycles | cbuf_credit_stall 0 csf_full_stall 0 csf_max 1 parser_no_credit 0
ok     fuzz/f177              fast     0.4s 316 elements 1257 cycles | cbuf_credit_stall 306 csf_full_stall 0 csf_max 2 parser_no_credit 0
ok     fuzz/f177              slow     0.5s 316 elements 4818 cycles | cbuf_credit_stall 3638 csf_full_stall 0 csf_max 2 parser_no_credit 0
ok     fuzz/f177              mix      0.4s 316 elements 2315 cycles | cbuf_credit_stall 1307 csf_full_stall 0 csf_max 2 parser_no_credit 0
ok     fuzz/f177              tight    0.7s 316 elements 15477 cycles | cbuf_credit_stall 13790 csf_full_stall 0 csf_max 2 parser_no_credit 0
ok     fuzz/f178              fast     0.3s 143 elements 676 cycles | cbuf_credit_stall 141 csf_full_stall 0 csf_max 1 parser_no_credit 0
ok     fuzz/f178              slow     0.3s 143 elements 2516 cycles | cbuf_credit_stall 1771 csf_full_stall 0 csf_max 1 parser_no_credit 0
ok     fuzz/f178              mix      0.3s 143 elements 1274 cycles | cbuf_credit_stall 692 csf_full_stall 0 csf_max 1 parser_no_credit 0
ok     fuzz/f178              tight    0.4s 143 elements 8056 cycles | cbuf_credit_stall 6833 csf_full_stall 0 csf_max 1 parser_no_credit 0
ok     fuzz/f179              fast     0.2s 101 elements 646 cycles | cbuf_credit_stall 132 csf_full_stall 0 csf_max 2 parser_no_credit 0
ok     fuzz/f179              slow     0.3s 101 elements 2263 cycles | cbuf_credit_stall 1659 csf_full_stall 0 csf_max 2 parser_no_credit 0
ok     fuzz/f179              mix      0.3s 101 elements 1188 cycles | cbuf_credit_stall 656 csf_full_stall 0 csf_max 2 parser_no_credit 0
ok     fuzz/f179              tight    0.4s 101 elements 7171 cycles | cbuf_credit_stall 6307 csf_full_stall 0 csf_max 2 parser_no_credit 0
ok     fuzz/f180              fast     0.2s 172 elements 587 cycles | cbuf_credit_stall 148 csf_full_stall 0 csf_max 2 parser_no_credit 0
ok     fuzz/f180              slow     0.3s 172 elements 2159 cycles | cbuf_credit_stall 1522 csf_full_stall 0 csf_max 2 parser_no_credit 76
ok     fuzz/f180              mix      0.2s 172 elements 1080 cycles | cbuf_credit_stall 584 csf_full_stall 0 csf_max 2 parser_no_credit 0
ok     fuzz/f180              tight    0.4s 172 elements 6739 cycles | cbuf_credit_stall 5665 csf_full_stall 0 csf_max 2 parser_no_credit 313
ok     fuzz/f181              fast     0.3s 129 elements 654 cycles | cbuf_credit_stall 144 csf_full_stall 0 csf_max 3 parser_no_credit 0
ok     fuzz/f181              slow     0.3s 129 elements 2334 cycles | cbuf_credit_stall 1701 csf_full_stall 0 csf_max 2 parser_no_credit 0
ok     fuzz/f181              mix      0.3s 129 elements 1210 cycles | cbuf_credit_stall 678 csf_full_stall 0 csf_max 2 parser_no_credit 0
ok     fuzz/f181              tight    0.4s 129 elements 7349 cycles | cbuf_credit_stall 6445 csf_full_stall 0 csf_max 1 parser_no_credit 0
ok     fuzz/f182              fast     0.8s 233 elements 4202 cycles | cbuf_credit_stall 886 csf_full_stall 0 csf_max 2 parser_no_credit 0
ok     fuzz/f182              slow     1.1s 233 elements 14035 cycles | cbuf_credit_stall 10600 csf_full_stall 0 csf_max 2 parser_no_credit 0
ok     fuzz/f182              mix      0.9s 233 elements 7231 cycles | cbuf_credit_stall 3888 csf_full_stall 0 csf_max 2 parser_no_credit 0
ok     fuzz/f182              tight    2.4s 233 elements 46977 cycles | cbuf_credit_stall 43151 csf_full_stall 0 csf_max 2 parser_no_credit 8
ok     fuzz/f183              fast     0.2s 1 elements 7 cycles | cbuf_credit_stall 0 csf_full_stall 0 csf_max 1 parser_no_credit 0
ok     fuzz/f183              slow     0.2s 1 elements 10 cycles | cbuf_credit_stall 0 csf_full_stall 0 csf_max 1 parser_no_credit 0
ok     fuzz/f183              mix      0.2s 1 elements 8 cycles | cbuf_credit_stall 0 csf_full_stall 0 csf_max 1 parser_no_credit 0
ok     fuzz/f183              tight    0.2s 1 elements 27 cycles | cbuf_credit_stall 0 csf_full_stall 0 csf_max 1 parser_no_credit 0
ok     fuzz/f184              fast     0.2s 22 elements 36 cycles | cbuf_credit_stall 0 csf_full_stall 3 csf_max 4 parser_no_credit 0
ok     fuzz/f184              slow     0.2s 22 elements 115 cycles | cbuf_credit_stall 0 csf_full_stall 1 csf_max 4 parser_no_credit 0
ok     fuzz/f184              mix      0.2s 22 elements 41 cycles | cbuf_credit_stall 0 csf_full_stall 3 csf_max 4 parser_no_credit 0
ok     fuzz/f184              tight    0.2s 22 elements 229 cycles | cbuf_credit_stall 0 csf_full_stall 3 csf_max 4 parser_no_credit 0
ok     fuzz/f185              fast     0.2s 6 elements 13 cycles | cbuf_credit_stall 0 csf_full_stall 0 csf_max 1 parser_no_credit 0
ok     fuzz/f185              slow     0.2s 6 elements 39 cycles | cbuf_credit_stall 0 csf_full_stall 0 csf_max 1 parser_no_credit 0
ok     fuzz/f185              mix      0.2s 6 elements 16 cycles | cbuf_credit_stall 0 csf_full_stall 0 csf_max 1 parser_no_credit 0
ok     fuzz/f185              tight    0.2s 6 elements 124 cycles | cbuf_credit_stall 0 csf_full_stall 0 csf_max 1 parser_no_credit 0
ok     fuzz/f186              fast     1.2s 834 elements 3392 cycles | cbuf_credit_stall 899 csf_full_stall 0 csf_max 2 parser_no_credit 0
ok     fuzz/f186              slow     1.5s 834 elements 12113 cycles | cbuf_credit_stall 9443 csf_full_stall 0 csf_max 1 parser_no_credit 303
ok     fuzz/f186              mix      1.3s 834 elements 6018 cycles | cbuf_credit_stall 3490 csf_full_stall 0 csf_max 2 parser_no_credit 31
ok     fuzz/f186              tight    2.5s 834 elements 40220 cycles | cbuf_credit_stall 37208 csf_full_stall 0 csf_max 1 parser_no_credit 1130
ok     fuzz/f187              fast     0.6s 293 elements 1293 cycles | cbuf_credit_stall 310 csf_full_stall 0 csf_max 2 parser_no_credit 0
ok     fuzz/f187              slow     0.7s 293 elements 4820 cycles | cbuf_credit_stall 3719 csf_full_stall 0 csf_max 2 parser_no_credit 37
ok     fuzz/f187              mix      0.6s 293 elements 2337 cycles | cbuf_credit_stall 1321 csf_full_stall 0 csf_max 1 parser_no_credit 0
ok     fuzz/f187              tight    1.1s 293 elements 15495 cycles | cbuf_credit_stall 14164 csf_full_stall 0 csf_max 1 parser_no_credit 189
ok     fuzz/f188              fast     0.3s 160 elements 394 cycles | cbuf_credit_stall 91 csf_full_stall 3 csf_max 4 parser_no_credit 0
ok     fuzz/f188              slow     0.3s 160 elements 1431 cycles | cbuf_credit_stall 946 csf_full_stall 0 csf_max 2 parser_no_credit 0
ok     fuzz/f188              mix      0.3s 160 elements 716 cycles | cbuf_credit_stall 369 csf_full_stall 0 csf_max 3 parser_no_credit 0
ok     fuzz/f188              tight    0.4s 160 elements 4604 cycles | cbuf_credit_stall 3761 csf_full_stall 0 csf_max 2 parser_no_credit 0
ok     fuzz/f189              fast     0.8s 565 elements 1718 cycles | cbuf_credit_stall 485 csf_full_stall 0 csf_max 2 parser_no_credit 0
ok     fuzz/f189              slow     1.0s 565 elements 6613 cycles | cbuf_credit_stall 5225 csf_full_stall 0 csf_max 2 parser_no_credit 276
ok     fuzz/f189              mix      0.9s 565 elements 3111 cycles | cbuf_credit_stall 1854 csf_full_stall 0 csf_max 2 parser_no_credit 58
ok     fuzz/f189              tight    1.8s 565 elements 21514 cycles | cbuf_credit_stall 19885 csf_full_stall 0 csf_max 1 parser_no_credit 1370
ok     fuzz/f190              fast     0.3s 5 elements 11 cycles | cbuf_credit_stall 0 csf_full_stall 0 csf_max 1 parser_no_credit 0
ok     fuzz/f190              slow     0.2s 5 elements 36 cycles | cbuf_credit_stall 0 csf_full_stall 0 csf_max 1 parser_no_credit 0
ok     fuzz/f190              mix      0.2s 5 elements 16 cycles | cbuf_credit_stall 0 csf_full_stall 0 csf_max 1 parser_no_credit 0
ok     fuzz/f190              tight    0.2s 5 elements 87 cycles | cbuf_credit_stall 0 csf_full_stall 0 csf_max 1 parser_no_credit 0
ok     fuzz/f191              fast     1.7s 814 elements 3462 cycles | cbuf_credit_stall 917 csf_full_stall 0 csf_max 2 parser_no_credit 0
ok     fuzz/f191              slow     2.1s 814 elements 12505 cycles | cbuf_credit_stall 9767 csf_full_stall 0 csf_max 2 parser_no_credit 224
ok     fuzz/f191              mix      1.7s 814 elements 6126 cycles | cbuf_credit_stall 3554 csf_full_stall 0 csf_max 2 parser_no_credit 24
ok     fuzz/f191              tight    3.2s 814 elements 41651 cycles | cbuf_credit_stall 38426 csf_full_stall 0 csf_max 2 parser_no_credit 938
ok     fuzz/f192              fast     0.6s 201 elements 910 cycles | cbuf_credit_stall 215 csf_full_stall 0 csf_max 2 parser_no_credit 0
ok     fuzz/f192              slow     0.7s 201 elements 3309 cycles | cbuf_credit_stall 2516 csf_full_stall 0 csf_max 2 parser_no_credit 0
ok     fuzz/f192              mix      0.6s 201 elements 1671 cycles | cbuf_credit_stall 950 csf_full_stall 0 csf_max 2 parser_no_credit 0
ok     fuzz/f192              tight    0.9s 201 elements 10281 cycles | cbuf_credit_stall 9298 csf_full_stall 0 csf_max 2 parser_no_credit 0
ok     fuzz/f193              fast     1.6s 867 elements 3441 cycles | cbuf_credit_stall 929 csf_full_stall 0 csf_max 3 parser_no_credit 0
ok     fuzz/f193              slow     1.7s 867 elements 12530 cycles | cbuf_credit_stall 9922 csf_full_stall 0 csf_max 2 parser_no_credit 57
ok     fuzz/f193              mix      1.4s 867 elements 6157 cycles | cbuf_credit_stall 3628 csf_full_stall 0 csf_max 2 parser_no_credit 0
ok     fuzz/f193              tight    2.6s 867 elements 41788 cycles | cbuf_credit_stall 38827 csf_full_stall 0 csf_max 2 parser_no_credit 415
ok     fuzz/f194              fast     0.2s 37 elements 55 cycles | cbuf_credit_stall 0 csf_full_stall 18 csf_max 4 parser_no_credit 0
ok     fuzz/f194              slow     0.2s 37 elements 170 cycles | cbuf_credit_stall 0 csf_full_stall 16 csf_max 4 parser_no_credit 0
ok     fuzz/f194              mix      0.2s 37 elements 64 cycles | cbuf_credit_stall 0 csf_full_stall 18 csf_max 4 parser_no_credit 0
ok     fuzz/f194              tight    0.2s 37 elements 463 cycles | cbuf_credit_stall 0 csf_full_stall 18 csf_max 4 parser_no_credit 0
ok     fuzz/f195              fast     1.1s 749 elements 2940 cycles | cbuf_credit_stall 747 csf_full_stall 0 csf_max 3 parser_no_credit 0
ok     fuzz/f195              slow     1.3s 749 elements 10744 cycles | cbuf_credit_stall 8415 csf_full_stall 0 csf_max 2 parser_no_credit 186
ok     fuzz/f195              mix      1.1s 749 elements 5243 cycles | cbuf_credit_stall 3021 csf_full_stall 0 csf_max 2 parser_no_credit 28
ok     fuzz/f195              tight    1.9s 749 elements 35760 cycles | cbuf_credit_stall 32990 csf_full_stall 0 csf_max 1 parser_no_credit 1214
ok     fuzz/f196              fast     0.9s 673 elements 2604 cycles | cbuf_credit_stall 677 csf_full_stall 0 csf_max 3 parser_no_credit 0
ok     fuzz/f196              slow     1.0s 673 elements 9553 cycles | cbuf_credit_stall 7532 csf_full_stall 0 csf_max 2 parser_no_credit 31
ok     fuzz/f196              mix      0.9s 673 elements 4589 cycles | cbuf_credit_stall 2645 csf_full_stall 0 csf_max 3 parser_no_credit 14
ok     fuzz/f196              tight    1.6s 673 elements 31504 cycles | cbuf_credit_stall 29176 csf_full_stall 0 csf_max 2 parser_no_credit 310
ok     fuzz/f197              fast     0.5s 431 elements 1344 cycles | cbuf_credit_stall 346 csf_full_stall 6 csf_max 4 parser_no_credit 0
ok     fuzz/f197              slow     0.6s 431 elements 5098 cycles | cbuf_credit_stall 3930 csf_full_stall 4 csf_max 4 parser_no_credit 12
ok     fuzz/f197              mix      0.5s 431 elements 2463 cycles | cbuf_credit_stall 1421 csf_full_stall 6 csf_max 4 parser_no_credit 0
ok     fuzz/f197              tight    0.9s 431 elements 16295 cycles | cbuf_credit_stall 14773 csf_full_stall 6 csf_max 4 parser_no_credit 71
ok     fuzz/f198              fast     0.5s 228 elements 1488 cycles | cbuf_credit_stall 314 csf_full_stall 0 csf_max 1 parser_no_credit 0
ok     fuzz/f198              slow     0.6s 228 elements 5370 cycles | cbuf_credit_stall 4034 csf_full_stall 0 csf_max 1 parser_no_credit 33
ok     fuzz/f198              mix      0.6s 228 elements 2690 cycles | cbuf_credit_stall 1459 csf_full_stall 0 csf_max 1 parser_no_credit 4
ok     fuzz/f198              tight    1.0s 228 elements 17510 cycles | cbuf_credit_stall 15422 csf_full_stall 0 csf_max 1 parser_no_credit 164
ok     fuzz/f199              fast     1.1s 674 elements 3315 cycles | cbuf_credit_stall 812 csf_full_stall 0 csf_max 2 parser_no_credit 0
ok     fuzz/f199              slow     1.3s 674 elements 11746 cycles | cbuf_credit_stall 9096 csf_full_stall 0 csf_max 2 parser_no_credit 19
ok     fuzz/f199              mix      1.1s 674 elements 5904 cycles | cbuf_credit_stall 3352 csf_full_stall 0 csf_max 2 parser_no_credit 0
ok     fuzz/f199              tight    1.8s 674 elements 38978 cycles | cbuf_credit_stall 35937 csf_full_stall 0 csf_max 1 parser_no_credit 27
TOTAL 832 runs, 0 failed
